NODE_ID,district,continent,population_density,freeway
0,0,0,0.06769036505896413,1
1,1,0,0.5737446165640714,0
2,2,0,0.0424361315925951,0
3,3,0,0.30742519560756726,1
4,4,0,0.0005186137229700782,0
5,5,1,0.0,1
6,6,0,0.6750095830796635,0
7,4,0,0.0005186137229700782,0
8,7,1,0.02856885160882996,0
9,8,1,0.23425556382331056,0
10,5,1,0.0,1
11,8,1,0.23425556382331056,1
12,7,1,0.02856885160882996,0
13,9,1,0.19524679248686555,0
14,10,0,0.43908543597375366,0
15,3,0,0.30742519560756726,0
16,11,0,0.03438634467518997,0
17,8,1,0.23425556382331056,0
18,12,0,0.0030214886468691517,1
19,13,1,0.07752147737265778,0
20,13,1,0.07752147737265778,0
21,12,0,0.0030214886468691517,1
22,12,0,0.0030214886468691517,1
23,14,1,0.3443820604748698,0
24,12,0,0.0030214886468691517,1
25,15,1,0.10058851383345735,1
26,7,1,0.02856885160882996,0
27,3,0,0.30742519560756726,0
28,12,0,0.0030214886468691517,1
29,16,1,0.46905228979232905,0
30,11,0,0.03438634467518997,0
31,10,0,0.43908543597375366,0
32,12,0,0.0030214886468691517,0
33,17,0,0.028005141040384224,1
34,18,0,0.6438025660105076,0
35,15,1,0.10058851383345735,0
36,11,0,0.03438634467518997,0
37,19,0,0.28931881214909017,0
38,20,1,0.017046607589799093,1
39,21,0,0.20413087104557037,0
40,8,1,0.23425556382331056,1
41,20,1,0.017046607589799093,1
42,7,1,0.02856885160882996,0
43,20,1,0.017046607589799093,0
44,17,0,0.028005141040384224,1
45,16,1,0.46905228979232905,0
46,22,1,0.3224424451509617,0
47,19,0,0.28931881214909017,1
48,12,0,0.0030214886468691517,1
49,7,1,0.02856885160882996,0
50,13,1,0.07752147737265778,0
51,12,0,0.0030214886468691517,1
52,23,1,0.035355926852916636,1
53,15,1,0.10058851383345735,1
54,13,1,0.07752147737265778,0
55,23,1,0.035355926852916636,1
56,12,0,0.0030214886468691517,0
57,17,0,0.028005141040384224,1
58,13,1,0.07752147737265778,0
59,4,0,0.0005186137229700782,0
60,9,1,0.19524679248686555,0
61,4,0,0.0005186137229700782,1
62,24,0,0.8381699700105978,0
63,23,1,0.035355926852916636,1
64,23,1,0.035355926852916636,0
65,19,0,0.28931881214909017,0
66,25,0,0.6777604906536788,1
67,4,0,0.0005186137229700782,0
68,3,0,0.30742519560756726,1
69,4,0,0.0005186137229700782,1
70,15,1,0.10058851383345735,0
71,14,1,0.3443820604748698,0
72,12,0,0.0030214886468691517,1
73,26,0,1.0,0
74,12,0,0.0030214886468691517,1
75,23,1,0.035355926852916636,1
76,17,0,0.028005141040384224,1
77,22,1,0.3224424451509617,0
78,9,1,0.19524679248686555,0
79,22,1,0.3224424451509617,0
80,3,0,0.30742519560756726,0
81,4,0,0.0005186137229700782,1
82,16,1,0.46905228979232905,0
83,8,1,0.23425556382331056,0
84,13,1,0.07752147737265778,0
85,25,0,0.6777604906536788,0
86,21,0,0.20413087104557037,0
87,19,0,0.28931881214909017,0
88,22,1,0.3224424451509617,0
89,19,0,0.28931881214909017,1
90,9,1,0.19524679248686555,0
91,24,0,0.8381699700105978,0
92,3,0,0.30742519560756726,1
93,9,1,0.19524679248686555,0
94,12,0,0.0030214886468691517,1
95,18,0,0.6438025660105076,0
96,4,0,0.0005186137229700782,1
97,8,1,0.23425556382331056,1
98,0,0,0.06769036505896413,0
99,2,0,0.0424361315925951,1
100,27,1,0.26194502694536514,0
101,5,1,0.0,0
102,13,1,0.07752147737265778,0
103,21,0,0.20413087104557037,0
104,28,0,0.13876299352860266,0
105,22,1,0.3224424451509617,0
106,12,0,0.0030214886468691517,1
107,0,0,0.06769036505896413,0
108,10,0,0.43908543597375366,0
109,23,1,0.035355926852916636,1
110,4,0,0.0005186137229700782,0
111,12,0,0.0030214886468691517,1
112,18,0,0.6438025660105076,0
113,28,0,0.13876299352860266,0
114,4,0,0.0005186137229700782,1
115,12,0,0.0030214886468691517,1
116,12,0,0.0030214886468691517,1
117,9,1,0.19524679248686555,0
118,21,0,0.20413087104557037,0
119,7,1,0.02856885160882996,0
120,12,0,0.0030214886468691517,1
121,13,1,0.07752147737265778,0
122,18,0,0.6438025660105076,0
123,27,1,0.26194502694536514,0
124,4,0,0.0005186137229700782,1
125,0,0,0.06769036505896413,0
126,12,0,0.0030214886468691517,1
127,19,0,0.28931881214909017,1
128,4,0,0.0005186137229700782,1
129,15,1,0.10058851383345735,0
130,16,1,0.46905228979232905,0
131,4,0,0.0005186137229700782,0
132,8,1,0.23425556382331056,1
133,14,1,0.3443820604748698,0
134,23,1,0.035355926852916636,1
135,4,0,0.0005186137229700782,1
136,0,0,0.06769036505896413,0
137,12,0,0.0030214886468691517,1
138,8,1,0.23425556382331056,0
139,14,1,0.3443820604748698,0
140,17,0,0.028005141040384224,1
141,28,0,0.13876299352860266,0
142,3,0,0.30742519560756726,0
143,19,0,0.28931881214909017,1
144,8,1,0.23425556382331056,0
145,14,1,0.3443820604748698,0
146,15,1,0.10058851383345735,0
147,23,1,0.035355926852916636,1
148,25,0,0.6777604906536788,0
149,3,0,0.30742519560756726,0
150,2,0,0.0424361315925951,0
151,15,1,0.10058851383345735,1
152,12,0,0.0030214886468691517,1
153,22,1,0.3224424451509617,0
154,22,1,0.3224424451509617,0
155,26,0,1.0,0
156,16,1,0.46905228979232905,0
157,2,0,0.0424361315925951,1
158,10,0,0.43908543597375366,0
159,8,1,0.23425556382331056,0
160,24,0,0.8381699700105978,0
161,12,0,0.0030214886468691517,1
162,23,1,0.035355926852916636,1
163,20,1,0.017046607589799093,0
164,12,0,0.0030214886468691517,1
165,25,0,0.6777604906536788,0
166,19,0,0.28931881214909017,0
167,14,1,0.3443820604748698,0
168,14,1,0.3443820604748698,0
169,12,0,0.0030214886468691517,1
170,19,0,0.28931881214909017,0
171,4,0,0.0005186137229700782,1
172,12,0,0.0030214886468691517,1
173,12,0,0.0030214886468691517,1
174,27,1,0.26194502694536514,0
175,13,1,0.07752147737265778,0
176,12,0,0.0030214886468691517,0
177,13,1,0.07752147737265778,0
178,14,1,0.3443820604748698,0
179,2,0,0.0424361315925951,0
180,5,1,0.0,1
181,16,1,0.46905228979232905,0
182,1,0,0.5737446165640714,0
183,12,0,0.0030214886468691517,1
184,2,0,0.0424361315925951,0
185,29,0,0.615842521815599,0
186,25,0,0.6777604906536788,0
187,4,0,0.0005186137229700782,1
188,8,1,0.23425556382331056,1
189,12,0,0.0030214886468691517,1
190,18,0,0.6438025660105076,0
191,2,0,0.0424361315925951,0
192,15,1,0.10058851383345735,0
193,19,0,0.28931881214909017,0
194,22,1,0.3224424451509617,0
195,3,0,0.30742519560756726,1
196,0,0,0.06769036505896413,1
197,30,0,0.598525333152946,0
198,17,0,0.028005141040384224,1
199,0,0,0.06769036505896413,0
200,7,1,0.02856885160882996,0
201,3,0,0.30742519560756726,0
202,16,1,0.46905228979232905,0
203,20,1,0.017046607589799093,0
204,4,0,0.0005186137229700782,1
205,29,0,0.615842521815599,0
206,4,0,0.0005186137229700782,1
207,9,1,0.19524679248686555,0
208,14,1,0.3443820604748698,0
209,4,0,0.0005186137229700782,1
210,0,0,0.06769036505896413,0
211,0,0,0.06769036505896413,1
212,4,0,0.0005186137229700782,0
213,5,1,0.0,1
214,22,1,0.3224424451509617,0
215,18,0,0.6438025660105076,0
216,12,0,0.0030214886468691517,1
217,22,1,0.3224424451509617,0
218,4,0,0.0005186137229700782,1
219,27,1,0.26194502694536514,0
220,0,0,0.06769036505896413,0
221,2,0,0.0424361315925951,0
222,20,1,0.017046607589799093,1
223,26,0,1.0,0
224,0,0,0.06769036505896413,0
225,22,1,0.3224424451509617,0
226,20,1,0.017046607589799093,1
227,22,1,0.3224424451509617,0
228,16,1,0.46905228979232905,0
229,19,0,0.28931881214909017,0
230,3,0,0.30742519560756726,1
231,8,1,0.23425556382331056,1
232,12,0,0.0030214886468691517,0
233,31,0,0.9898983066134524,0
234,15,1,0.10058851383345735,1
235,17,0,0.028005141040384224,0
236,13,1,0.07752147737265778,0
237,3,0,0.30742519560756726,0
238,19,0,0.28931881214909017,0
239,10,0,0.43908543597375366,0
240,9,1,0.19524679248686555,0
241,2,0,0.0424361315925951,0
242,9,1,0.19524679248686555,0
243,32,0,0.2322262057769059,0
244,4,0,0.0005186137229700782,1
245,0,0,0.06769036505896413,1
246,3,0,0.30742519560756726,0
247,12,0,0.0030214886468691517,1
248,12,0,0.0030214886468691517,1
249,17,0,0.028005141040384224,1
250,27,1,0.26194502694536514,0
251,19,0,0.28931881214909017,1
252,4,0,0.0005186137229700782,1
253,2,0,0.0424361315925951,0
254,2,0,0.0424361315925951,1
255,12,0,0.0030214886468691517,1
256,2,0,0.0424361315925951,0
257,4,0,0.0005186137229700782,0
258,21,0,0.20413087104557037,0
259,17,0,0.028005141040384224,1
260,22,1,0.3224424451509617,0
261,4,0,0.0005186137229700782,0
262,9,1,0.19524679248686555,0
263,12,0,0.0030214886468691517,1
264,13,1,0.07752147737265778,0
265,12,0,0.0030214886468691517,1
266,14,1,0.3443820604748698,0
267,3,0,0.30742519560756726,0
268,10,0,0.43908543597375366,0
269,15,1,0.10058851383345735,0
270,4,0,0.0005186137229700782,1
271,22,1,0.3224424451509617,0
272,16,1,0.46905228979232905,0
273,1,0,0.5737446165640714,0
274,15,1,0.10058851383345735,1
275,7,1,0.02856885160882996,0
276,25,0,0.6777604906536788,1
277,32,0,0.2322262057769059,0
278,15,1,0.10058851383345735,1
279,1,0,0.5737446165640714,0
280,16,1,0.46905228979232905,0
281,17,0,0.028005141040384224,1
282,32,0,0.2322262057769059,0
283,4,0,0.0005186137229700782,1
284,4,0,0.0005186137229700782,1
285,5,1,0.0,1
286,20,1,0.017046607589799093,0
287,22,1,0.3224424451509617,0
288,2,0,0.0424361315925951,0
289,25,0,0.6777604906536788,0
290,8,1,0.23425556382331056,0
291,25,0,0.6777604906536788,0
292,19,0,0.28931881214909017,0
293,28,0,0.13876299352860266,1
294,4,0,0.0005186137229700782,1
295,25,0,0.6777604906536788,0
296,7,1,0.02856885160882996,0
297,12,0,0.0030214886468691517,1
298,3,0,0.30742519560756726,1
299,10,0,0.43908543597375366,0
300,3,0,0.30742519560756726,0
301,10,0,0.43908543597375366,0
302,4,0,0.0005186137229700782,1
303,29,0,0.615842521815599,0
304,28,0,0.13876299352860266,0
305,22,1,0.3224424451509617,0
306,0,0,0.06769036505896413,0
307,11,0,0.03438634467518997,0
308,33,0,0.17123272227107714,0
309,9,1,0.19524679248686555,0
310,9,1,0.19524679248686555,0
311,5,1,0.0,0
312,32,0,0.2322262057769059,0
313,15,1,0.10058851383345735,0
314,22,1,0.3224424451509617,0
315,17,0,0.028005141040384224,1
316,16,1,0.46905228979232905,0
317,19,0,0.28931881214909017,0
318,0,0,0.06769036505896413,0
319,22,1,0.3224424451509617,0
320,16,1,0.46905228979232905,0
321,15,1,0.10058851383345735,0
322,22,1,0.3224424451509617,0
323,16,1,0.46905228979232905,0
324,1,0,0.5737446165640714,0
325,32,0,0.2322262057769059,0
326,3,0,0.30742519560756726,0
327,29,0,0.615842521815599,0
328,0,0,0.06769036505896413,0
329,10,0,0.43908543597375366,0
330,8,1,0.23425556382331056,1
331,29,0,0.615842521815599,0
332,8,1,0.23425556382331056,1
333,15,1,0.10058851383345735,0
334,12,0,0.0030214886468691517,1
335,4,0,0.0005186137229700782,0
336,23,1,0.035355926852916636,1
337,22,1,0.3224424451509617,0
338,26,0,1.0,0
339,15,1,0.10058851383345735,0
340,22,1,0.3224424451509617,0
341,27,1,0.26194502694536514,0
342,17,0,0.028005141040384224,1
343,0,0,0.06769036505896413,0
344,7,1,0.02856885160882996,1
345,8,1,0.23425556382331056,0
346,15,1,0.10058851383345735,0
347,1,0,0.5737446165640714,0
348,19,0,0.28931881214909017,1
349,15,1,0.10058851383345735,1
350,7,1,0.02856885160882996,1
351,22,1,0.3224424451509617,0
352,3,0,0.30742519560756726,0
353,14,1,0.3443820604748698,0
354,19,0,0.28931881214909017,0
355,3,0,0.30742519560756726,0
356,4,0,0.0005186137229700782,0
357,12,0,0.0030214886468691517,1
358,0,0,0.06769036505896413,1
359,22,1,0.3224424451509617,0
360,18,0,0.6438025660105076,0
361,12,0,0.0030214886468691517,0
362,4,0,0.0005186137229700782,0
363,8,1,0.23425556382331056,1
364,25,0,0.6777604906536788,1
365,15,1,0.10058851383345735,1
366,20,1,0.017046607589799093,0
367,3,0,0.30742519560756726,0
368,8,1,0.23425556382331056,0
369,28,0,0.13876299352860266,0
370,9,1,0.19524679248686555,0
371,13,1,0.07752147737265778,0
372,30,0,0.598525333152946,0
373,31,0,0.9898983066134524,0
374,0,0,0.06769036505896413,0
375,23,1,0.035355926852916636,0
376,15,1,0.10058851383345735,1
377,31,0,0.9898983066134524,0
378,17,0,0.028005141040384224,1
379,19,0,0.28931881214909017,0
380,13,1,0.07752147737265778,0
381,0,0,0.06769036505896413,0
382,12,0,0.0030214886468691517,1
383,22,1,0.3224424451509617,0
384,18,0,0.6438025660105076,0
385,0,0,0.06769036505896413,0
386,23,1,0.035355926852916636,1
387,15,1,0.10058851383345735,0
388,2,0,0.0424361315925951,0
389,5,1,0.0,1
390,25,0,0.6777604906536788,0
391,20,1,0.017046607589799093,0
392,8,1,0.23425556382331056,1
393,32,0,0.2322262057769059,0
394,3,0,0.30742519560756726,0
395,8,1,0.23425556382331056,1
396,22,1,0.3224424451509617,0
397,31,0,0.9898983066134524,0
398,12,0,0.0030214886468691517,0
399,12,0,0.0030214886468691517,0
400,23,1,0.035355926852916636,0
401,20,1,0.017046607589799093,0
402,32,0,0.2322262057769059,0
403,13,1,0.07752147737265778,0
404,20,1,0.017046607589799093,1
405,12,0,0.0030214886468691517,1
406,22,1,0.3224424451509617,0
407,10,0,0.43908543597375366,0
408,3,0,0.30742519560756726,0
409,8,1,0.23425556382331056,0
410,12,0,0.0030214886468691517,1
411,19,0,0.28931881214909017,0
412,15,1,0.10058851383345735,0
413,0,0,0.06769036505896413,0
414,4,0,0.0005186137229700782,1
415,2,0,0.0424361315925951,0
416,3,0,0.30742519560756726,0
417,12,0,0.0030214886468691517,1
418,8,1,0.23425556382331056,0
419,3,0,0.30742519560756726,0
420,22,1,0.3224424451509617,0
421,28,0,0.13876299352860266,0
422,28,0,0.13876299352860266,1
423,1,0,0.5737446165640714,0
424,18,0,0.6438025660105076,0
425,9,1,0.19524679248686555,0
426,30,0,0.598525333152946,0
427,13,1,0.07752147737265778,0
428,8,1,0.23425556382331056,0
429,8,1,0.23425556382331056,0
430,32,0,0.2322262057769059,0
431,10,0,0.43908543597375366,0
432,31,0,0.9898983066134524,0
433,3,0,0.30742519560756726,0
434,8,1,0.23425556382331056,0
435,22,1,0.3224424451509617,0
436,4,0,0.0005186137229700782,1
437,9,1,0.19524679248686555,0
438,14,1,0.3443820604748698,0
439,20,1,0.017046607589799093,1
440,22,1,0.3224424451509617,0
441,4,0,0.0005186137229700782,1
442,2,0,0.0424361315925951,1
443,7,1,0.02856885160882996,0
444,19,0,0.28931881214909017,0
445,4,0,0.0005186137229700782,0
446,5,1,0.0,1
447,7,1,0.02856885160882996,1
448,17,0,0.028005141040384224,1
449,12,0,0.0030214886468691517,0
450,22,1,0.3224424451509617,0
451,19,0,0.28931881214909017,0
452,23,1,0.035355926852916636,0
453,27,1,0.26194502694536514,0
454,19,0,0.28931881214909017,0
455,24,0,0.8381699700105978,0
456,15,1,0.10058851383345735,1
457,15,1,0.10058851383345735,1
458,1,0,0.5737446165640714,0
459,21,0,0.20413087104557037,0
460,12,0,0.0030214886468691517,1
461,4,0,0.0005186137229700782,0
462,15,1,0.10058851383345735,0
463,18,0,0.6438025660105076,0
464,3,0,0.30742519560756726,0
465,0,0,0.06769036505896413,1
466,4,0,0.0005186137229700782,1
467,25,0,0.6777604906536788,0
468,12,0,0.0030214886468691517,0
469,20,1,0.017046607589799093,1
470,27,1,0.26194502694536514,0
471,2,0,0.0424361315925951,0
472,4,0,0.0005186137229700782,1
473,12,0,0.0030214886468691517,1
474,22,1,0.3224424451509617,0
475,10,0,0.43908543597375366,0
476,7,1,0.02856885160882996,0
477,15,1,0.10058851383345735,1
478,0,0,0.06769036505896413,0
479,10,0,0.43908543597375366,0
480,18,0,0.6438025660105076,0
481,13,1,0.07752147737265778,0
482,22,1,0.3224424451509617,0
483,4,0,0.0005186137229700782,1
484,3,0,0.30742519560756726,0
485,19,0,0.28931881214909017,1
486,32,0,0.2322262057769059,0
487,26,0,1.0,0
488,4,0,0.0005186137229700782,0
489,9,1,0.19524679248686555,0
490,24,0,0.8381699700105978,0
491,31,0,0.9898983066134524,0
492,28,0,0.13876299352860266,1
493,28,0,0.13876299352860266,1
494,21,0,0.20413087104557037,0
495,14,1,0.3443820604748698,0
496,12,0,0.0030214886468691517,0
497,14,1,0.3443820604748698,0
498,23,1,0.035355926852916636,0
499,10,0,0.43908543597375366,0
500,17,0,0.028005141040384224,1
501,9,1,0.19524679248686555,0
502,4,0,0.0005186137229700782,0
503,23,1,0.035355926852916636,0
504,25,0,0.6777604906536788,1
505,10,0,0.43908543597375366,0
506,4,0,0.0005186137229700782,0
507,6,0,0.6750095830796635,0
508,19,0,0.28931881214909017,0
509,23,1,0.035355926852916636,1
510,19,0,0.28931881214909017,0
511,7,1,0.02856885160882996,1
512,5,1,0.0,1
513,5,1,0.0,1
514,19,0,0.28931881214909017,0
515,21,0,0.20413087104557037,0
516,16,1,0.46905228979232905,0
517,9,1,0.19524679248686555,0
518,23,1,0.035355926852916636,0
519,27,1,0.26194502694536514,0
520,9,1,0.19524679248686555,0
521,7,1,0.02856885160882996,0
522,26,0,1.0,0
523,12,0,0.0030214886468691517,1
524,3,0,0.30742519560756726,0
525,8,1,0.23425556382331056,0
526,10,0,0.43908543597375366,0
527,25,0,0.6777604906536788,0
528,19,0,0.28931881214909017,1
529,22,1,0.3224424451509617,0
530,12,0,0.0030214886468691517,0
531,25,0,0.6777604906536788,0
532,24,0,0.8381699700105978,0
533,13,1,0.07752147737265778,0
534,4,0,0.0005186137229700782,1
535,9,1,0.19524679248686555,0
536,27,1,0.26194502694536514,0
537,3,0,0.30742519560756726,1
538,20,1,0.017046607589799093,0
539,11,0,0.03438634467518997,0
540,12,0,0.0030214886468691517,0
541,28,0,0.13876299352860266,0
542,0,0,0.06769036505896413,1
543,4,0,0.0005186137229700782,1
544,0,0,0.06769036505896413,0
545,12,0,0.0030214886468691517,1
546,17,0,0.028005141040384224,1
547,21,0,0.20413087104557037,0
548,15,1,0.10058851383345735,1
549,21,0,0.20413087104557037,0
550,29,0,0.615842521815599,0
551,22,1,0.3224424451509617,0
552,3,0,0.30742519560756726,1
553,9,1,0.19524679248686555,0
554,10,0,0.43908543597375366,0
555,20,1,0.017046607589799093,0
556,24,0,0.8381699700105978,0
557,1,0,0.5737446165640714,0
558,12,0,0.0030214886468691517,1
559,1,0,0.5737446165640714,0
560,16,1,0.46905228979232905,0
561,0,0,0.06769036505896413,0
562,8,1,0.23425556382331056,0
563,21,0,0.20413087104557037,0
564,33,0,0.17123272227107714,0
565,15,1,0.10058851383345735,1
566,10,0,0.43908543597375366,0
567,12,0,0.0030214886468691517,1
568,4,0,0.0005186137229700782,0
569,6,0,0.6750095830796635,0
570,1,0,0.5737446165640714,0
571,19,0,0.28931881214909017,0
572,20,1,0.017046607589799093,0
573,20,1,0.017046607589799093,0
574,8,1,0.23425556382331056,1
575,3,0,0.30742519560756726,1
576,2,0,0.0424361315925951,1
577,2,0,0.0424361315925951,0
578,9,1,0.19524679248686555,0
579,33,0,0.17123272227107714,0
580,4,0,0.0005186137229700782,1
581,8,1,0.23425556382331056,1
582,20,1,0.017046607589799093,0
583,8,1,0.23425556382331056,0
584,4,0,0.0005186137229700782,1
585,10,0,0.43908543597375366,0
586,28,0,0.13876299352860266,0
587,4,0,0.0005186137229700782,1
588,23,1,0.035355926852916636,0
589,16,1,0.46905228979232905,0
590,8,1,0.23425556382331056,1
591,23,1,0.035355926852916636,1
592,15,1,0.10058851383345735,0
593,12,0,0.0030214886468691517,1
594,6,0,0.6750095830796635,0
595,27,1,0.26194502694536514,0
596,2,0,0.0424361315925951,1
597,0,0,0.06769036505896413,1
598,14,1,0.3443820604748698,0
599,2,0,0.0424361315925951,0
600,29,0,0.615842521815599,0
601,20,1,0.017046607589799093,1
602,12,0,0.0030214886468691517,1
603,10,0,0.43908543597375366,0
604,32,0,0.2322262057769059,0
605,13,1,0.07752147737265778,0
606,5,1,0.0,0
607,31,0,0.9898983066134524,0
608,20,1,0.017046607589799093,0
609,26,0,1.0,0
610,4,0,0.0005186137229700782,1
611,15,1,0.10058851383345735,0
612,16,1,0.46905228979232905,0
613,19,0,0.28931881214909017,0
614,23,1,0.035355926852916636,1
615,10,0,0.43908543597375366,0
616,8,1,0.23425556382331056,1
617,9,1,0.19524679248686555,0
618,4,0,0.0005186137229700782,0
619,22,1,0.3224424451509617,0
620,17,0,0.028005141040384224,0
621,23,1,0.035355926852916636,0
622,3,0,0.30742519560756726,1
623,0,0,0.06769036505896413,0
624,23,1,0.035355926852916636,1
625,17,0,0.028005141040384224,1
626,21,0,0.20413087104557037,0
627,8,1,0.23425556382331056,1
628,4,0,0.0005186137229700782,0
629,2,0,0.0424361315925951,0
630,19,0,0.28931881214909017,0
631,20,1,0.017046607589799093,1
632,2,0,0.0424361315925951,0
633,10,0,0.43908543597375366,0
634,2,0,0.0424361315925951,0
635,33,0,0.17123272227107714,0
636,12,0,0.0030214886468691517,1
637,17,0,0.028005141040384224,1
638,10,0,0.43908543597375366,0
639,19,0,0.28931881214909017,1
640,9,1,0.19524679248686555,0
641,12,0,0.0030214886468691517,1
642,23,1,0.035355926852916636,1
643,20,1,0.017046607589799093,1
644,21,0,0.20413087104557037,0
645,23,1,0.035355926852916636,0
646,9,1,0.19524679248686555,0
647,22,1,0.3224424451509617,0
648,0,0,0.06769036505896413,0
649,16,1,0.46905228979232905,0
650,18,0,0.6438025660105076,0
651,15,1,0.10058851383345735,0
652,1,0,0.5737446165640714,0
653,8,1,0.23425556382331056,0
654,29,0,0.615842521815599,0
655,4,0,0.0005186137229700782,0
656,24,0,0.8381699700105978,0
657,9,1,0.19524679248686555,0
658,2,0,0.0424361315925951,0
659,14,1,0.3443820604748698,0
660,10,0,0.43908543597375366,0
661,23,1,0.035355926852916636,1
662,12,0,0.0030214886468691517,1
663,15,1,0.10058851383345735,0
664,14,1,0.3443820604748698,0
665,29,0,0.615842521815599,0
666,23,1,0.035355926852916636,1
667,19,0,0.28931881214909017,0
668,9,1,0.19524679248686555,0
669,13,1,0.07752147737265778,0
670,8,1,0.23425556382331056,0
671,25,0,0.6777604906536788,0
672,8,1,0.23425556382331056,0
673,28,0,0.13876299352860266,1
674,16,1,0.46905228979232905,0
675,12,0,0.0030214886468691517,0
676,2,0,0.0424361315925951,0
677,20,1,0.017046607589799093,0
678,23,1,0.035355926852916636,0
679,17,0,0.028005141040384224,1
680,0,0,0.06769036505896413,1
681,14,1,0.3443820604748698,0
682,4,0,0.0005186137229700782,0
683,19,0,0.28931881214909017,0
684,2,0,0.0424361315925951,0
685,8,1,0.23425556382331056,1
686,4,0,0.0005186137229700782,1
687,22,1,0.3224424451509617,0
688,8,1,0.23425556382331056,0
689,20,1,0.017046607589799093,0
690,7,1,0.02856885160882996,0
691,4,0,0.0005186137229700782,1
692,3,0,0.30742519560756726,1
693,12,0,0.0030214886468691517,1
694,30,0,0.598525333152946,0
695,25,0,0.6777604906536788,0
696,10,0,0.43908543597375366,0
697,12,0,0.0030214886468691517,1
698,7,1,0.02856885160882996,0
699,19,0,0.28931881214909017,0
700,15,1,0.10058851383345735,1
701,4,0,0.0005186137229700782,1
702,24,0,0.8381699700105978,0
703,12,0,0.0030214886468691517,1
704,2,0,0.0424361315925951,0
705,14,1,0.3443820604748698,0
706,4,0,0.0005186137229700782,1
707,9,1,0.19524679248686555,0
708,3,0,0.30742519560756726,1
709,19,0,0.28931881214909017,1
710,15,1,0.10058851383345735,1
711,26,0,1.0,0
712,10,0,0.43908543597375366,0
713,12,0,0.0030214886468691517,1
714,9,1,0.19524679248686555,0
715,19,0,0.28931881214909017,1
716,31,0,0.9898983066134524,0
717,11,0,0.03438634467518997,0
718,4,0,0.0005186137229700782,1
719,0,0,0.06769036505896413,0
720,23,1,0.035355926852916636,0
721,15,1,0.10058851383345735,1
722,12,0,0.0030214886468691517,1
723,9,1,0.19524679248686555,0
724,23,1,0.035355926852916636,1
725,15,1,0.10058851383345735,0
726,17,0,0.028005141040384224,1
727,17,0,0.028005141040384224,1
728,20,1,0.017046607589799093,0
729,4,0,0.0005186137229700782,1
730,29,0,0.615842521815599,0
731,25,0,0.6777604906536788,0
732,14,1,0.3443820604748698,0
733,11,0,0.03438634467518997,0
734,20,1,0.017046607589799093,0
735,8,1,0.23425556382331056,1
736,3,0,0.30742519560756726,0
737,26,0,1.0,0
738,10,0,0.43908543597375366,0
739,12,0,0.0030214886468691517,1
740,7,1,0.02856885160882996,1
741,19,0,0.28931881214909017,0
742,25,0,0.6777604906536788,0
743,6,0,0.6750095830796635,0
744,20,1,0.017046607589799093,1
745,14,1,0.3443820604748698,0
746,22,1,0.3224424451509617,0
747,8,1,0.23425556382331056,1
748,0,0,0.06769036505896413,0
749,19,0,0.28931881214909017,0
750,25,0,0.6777604906536788,0
751,12,0,0.0030214886468691517,1
752,19,0,0.28931881214909017,0
753,15,1,0.10058851383345735,1
754,12,0,0.0030214886468691517,0
755,8,1,0.23425556382331056,1
756,24,0,0.8381699700105978,0
757,23,1,0.035355926852916636,0
758,16,1,0.46905228979232905,0
759,4,0,0.0005186137229700782,0
760,15,1,0.10058851383345735,0
761,15,1,0.10058851383345735,1
762,4,0,0.0005186137229700782,0
763,15,1,0.10058851383345735,1
764,12,0,0.0030214886468691517,1
765,2,0,0.0424361315925951,0
766,4,0,0.0005186137229700782,1
767,27,1,0.26194502694536514,0
768,20,1,0.017046607589799093,1
769,6,0,0.6750095830796635,0
770,12,0,0.0030214886468691517,1
771,14,1,0.3443820604748698,0
772,3,0,0.30742519560756726,0
773,10,0,0.43908543597375366,0
774,15,1,0.10058851383345735,0
775,19,0,0.28931881214909017,0
776,4,0,0.0005186137229700782,1
777,22,1,0.3224424451509617,0
778,20,1,0.017046607589799093,1
779,14,1,0.3443820604748698,0
780,10,0,0.43908543597375366,0
781,1,0,0.5737446165640714,0
782,29,0,0.615842521815599,0
783,19,0,0.28931881214909017,1
784,14,1,0.3443820604748698,0
785,32,0,0.2322262057769059,0
786,2,0,0.0424361315925951,1
787,12,0,0.0030214886468691517,1
788,25,0,0.6777604906536788,0
789,12,0,0.0030214886468691517,0
790,29,0,0.615842521815599,0
791,12,0,0.0030214886468691517,1
792,27,1,0.26194502694536514,0
793,15,1,0.10058851383345735,0
794,12,0,0.0030214886468691517,1
795,24,0,0.8381699700105978,0
796,8,1,0.23425556382331056,1
797,23,1,0.035355926852916636,0
798,4,0,0.0005186137229700782,0
799,12,0,0.0030214886468691517,1
800,22,1,0.3224424451509617,0
801,10,0,0.43908543597375366,0
802,14,1,0.3443820604748698,0
803,3,0,0.30742519560756726,0
804,2,0,0.0424361315925951,0
805,27,1,0.26194502694536514,0
806,4,0,0.0005186137229700782,0
807,17,0,0.028005141040384224,1
808,32,0,0.2322262057769059,0
809,1,0,0.5737446165640714,0
810,2,0,0.0424361315925951,1
811,6,0,0.6750095830796635,0
812,16,1,0.46905228979232905,0
813,10,0,0.43908543597375366,0
814,19,0,0.28931881214909017,0
815,8,1,0.23425556382331056,0
816,26,0,1.0,0
817,3,0,0.30742519560756726,0
818,4,0,0.0005186137229700782,1
819,26,0,1.0,0
820,5,1,0.0,0
821,9,1,0.19524679248686555,0
822,12,0,0.0030214886468691517,1
823,4,0,0.0005186137229700782,1
824,20,1,0.017046607589799093,1
825,14,1,0.3443820604748698,0
826,13,1,0.07752147737265778,0
827,4,0,0.0005186137229700782,1
828,4,0,0.0005186137229700782,0
829,10,0,0.43908543597375366,0
830,1,0,0.5737446165640714,0
831,23,1,0.035355926852916636,0
832,33,0,0.17123272227107714,0
833,27,1,0.26194502694536514,0
834,0,0,0.06769036505896413,0
835,3,0,0.30742519560756726,0
836,10,0,0.43908543597375366,0
837,4,0,0.0005186137229700782,0
838,14,1,0.3443820604748698,0
839,1,0,0.5737446165640714,0
840,3,0,0.30742519560756726,0
841,2,0,0.0424361315925951,0
842,12,0,0.0030214886468691517,1
843,4,0,0.0005186137229700782,1
844,16,1,0.46905228979232905,0
845,6,0,0.6750095830796635,0
846,2,0,0.0424361315925951,1
847,12,0,0.0030214886468691517,1
848,23,1,0.035355926852916636,1
849,20,1,0.017046607589799093,1
850,12,0,0.0030214886468691517,1
851,25,0,0.6777604906536788,0
852,23,1,0.035355926852916636,1
853,28,0,0.13876299352860266,0
854,15,1,0.10058851383345735,0
855,14,1,0.3443820604748698,0
856,25,0,0.6777604906536788,1
857,18,0,0.6438025660105076,0
858,0,0,0.06769036505896413,0
859,22,1,0.3224424451509617,0
860,12,0,0.0030214886468691517,0
861,7,1,0.02856885160882996,1
862,7,1,0.02856885160882996,0
863,0,0,0.06769036505896413,1
864,0,0,0.06769036505896413,0
865,28,0,0.13876299352860266,0
866,19,0,0.28931881214909017,0
867,19,0,0.28931881214909017,0
868,23,1,0.035355926852916636,0
869,17,0,0.028005141040384224,1
870,2,0,0.0424361315925951,0
871,20,1,0.017046607589799093,1
872,26,0,1.0,0
873,13,1,0.07752147737265778,0
874,19,0,0.28931881214909017,0
875,8,1,0.23425556382331056,1
876,21,0,0.20413087104557037,0
877,4,0,0.0005186137229700782,0
878,9,1,0.19524679248686555,0
879,24,0,0.8381699700105978,0
880,31,0,0.9898983066134524,0
881,7,1,0.02856885160882996,0
882,4,0,0.0005186137229700782,0
883,5,1,0.0,1
884,19,0,0.28931881214909017,0
885,27,1,0.26194502694536514,0
886,2,0,0.0424361315925951,0
887,9,1,0.19524679248686555,0
888,5,1,0.0,1
889,0,0,0.06769036505896413,0
890,14,1,0.3443820604748698,0
891,13,1,0.07752147737265778,0
892,17,0,0.028005141040384224,1
893,4,0,0.0005186137229700782,1
894,2,0,0.0424361315925951,0
895,4,0,0.0005186137229700782,1
896,8,1,0.23425556382331056,0
897,9,1,0.19524679248686555,0
898,6,0,0.6750095830796635,0
899,25,0,0.6777604906536788,1
900,12,0,0.0030214886468691517,1
901,12,0,0.0030214886468691517,1
902,4,0,0.0005186137229700782,1
903,24,0,0.8381699700105978,0
904,2,0,0.0424361315925951,0
905,1,0,0.5737446165640714,0
906,19,0,0.28931881214909017,1
907,4,0,0.0005186137229700782,1
908,6,0,0.6750095830796635,0
909,12,0,0.0030214886468691517,1
910,3,0,0.30742519560756726,0
911,30,0,0.598525333152946,0
912,20,1,0.017046607589799093,1
913,8,1,0.23425556382331056,0
914,2,0,0.0424361315925951,0
915,5,1,0.0,1
916,16,1,0.46905228979232905,0
917,3,0,0.30742519560756726,0
918,14,1,0.3443820604748698,0
919,25,0,0.6777604906536788,1
920,21,0,0.20413087104557037,0
921,8,1,0.23425556382331056,1
922,13,1,0.07752147737265778,0
923,25,0,0.6777604906536788,0
924,3,0,0.30742519560756726,0
925,3,0,0.30742519560756726,1
926,9,1,0.19524679248686555,0
927,13,1,0.07752147737265778,0
928,3,0,0.30742519560756726,0
929,24,0,0.8381699700105978,0
930,4,0,0.0005186137229700782,0
931,3,0,0.30742519560756726,0
932,13,1,0.07752147737265778,0
933,2,0,0.0424361315925951,1
934,16,1,0.46905228979232905,0
935,2,0,0.0424361315925951,0
936,12,0,0.0030214886468691517,1
937,12,0,0.0030214886468691517,1
938,0,0,0.06769036505896413,0
939,5,1,0.0,0
940,3,0,0.30742519560756726,0
941,1,0,0.5737446165640714,0
942,17,0,0.028005141040384224,1
943,23,1,0.035355926852916636,0
944,4,0,0.0005186137229700782,0
945,14,1,0.3443820604748698,0
946,3,0,0.30742519560756726,1
947,2,0,0.0424361315925951,0
948,13,1,0.07752147737265778,0
949,1,0,0.5737446165640714,0
950,12,0,0.0030214886468691517,0
951,16,1,0.46905228979232905,0
952,4,0,0.0005186137229700782,0
953,12,0,0.0030214886468691517,1
954,16,1,0.46905228979232905,0
955,30,0,0.598525333152946,0
956,19,0,0.28931881214909017,0
957,25,0,0.6777604906536788,0
958,4,0,0.0005186137229700782,0
959,27,1,0.26194502694536514,0
960,0,0,0.06769036505896413,0
961,12,0,0.0030214886468691517,1
962,0,0,0.06769036505896413,1
963,0,0,0.06769036505896413,0
964,0,0,0.06769036505896413,0
965,1,0,0.5737446165640714,0
966,4,0,0.0005186137229700782,1
967,19,0,0.28931881214909017,0
968,5,1,0.0,1
969,20,1,0.017046607589799093,1
970,8,1,0.23425556382331056,1
971,17,0,0.028005141040384224,1
972,2,0,0.0424361315925951,1
973,30,0,0.598525333152946,0
974,12,0,0.0030214886468691517,1
975,4,0,0.0005186137229700782,1
976,11,0,0.03438634467518997,0
977,4,0,0.0005186137229700782,1
978,20,1,0.017046607589799093,1
979,9,1,0.19524679248686555,0
980,9,1,0.19524679248686555,0
981,15,1,0.10058851383345735,1
982,9,1,0.19524679248686555,0
983,29,0,0.615842521815599,0
984,23,1,0.035355926852916636,1
985,0,0,0.06769036505896413,0
986,13,1,0.07752147737265778,0
987,4,0,0.0005186137229700782,0
988,0,0,0.06769036505896413,0
989,16,1,0.46905228979232905,0
990,12,0,0.0030214886468691517,1
991,23,1,0.035355926852916636,1
992,4,0,0.0005186137229700782,0
993,19,0,0.28931881214909017,1
994,13,1,0.07752147737265778,0
995,12,0,0.0030214886468691517,1
996,31,0,0.9898983066134524,0
997,2,0,0.0424361315925951,0
998,10,0,0.43908543597375366,0
999,22,1,0.3224424451509617,0
1000,5,1,0.0,1
1001,4,0,0.0005186137229700782,1
1002,20,1,0.017046607589799093,0
1003,2,0,0.0424361315925951,0
1004,12,0,0.0030214886468691517,1
1005,12,0,0.0030214886468691517,1
1006,12,0,0.0030214886468691517,1
1007,14,1,0.3443820604748698,0
1008,22,1,0.3224424451509617,0
1009,14,1,0.3443820604748698,0
1010,25,0,0.6777604906536788,0
1011,12,0,0.0030214886468691517,1
1012,25,0,0.6777604906536788,0
1013,3,0,0.30742519560756726,0
1014,19,0,0.28931881214909017,0
1015,26,0,1.0,0
1016,20,1,0.017046607589799093,1
1017,14,1,0.3443820604748698,0
1018,28,0,0.13876299352860266,1
1019,20,1,0.017046607589799093,1
1020,21,0,0.20413087104557037,0
1021,2,0,0.0424361315925951,0
1022,8,1,0.23425556382331056,0
1023,23,1,0.035355926852916636,0
1024,20,1,0.017046607589799093,1
1025,10,0,0.43908543597375366,0
1026,13,1,0.07752147737265778,0
1027,8,1,0.23425556382331056,0
1028,24,0,0.8381699700105978,0
1029,19,0,0.28931881214909017,0
1030,21,0,0.20413087104557037,0
1031,7,1,0.02856885160882996,0
1032,16,1,0.46905228979232905,0
1033,3,0,0.30742519560756726,0
1034,8,1,0.23425556382331056,1
1035,19,0,0.28931881214909017,1
1036,12,0,0.0030214886468691517,0
1037,5,1,0.0,1
1038,0,0,0.06769036505896413,1
1039,4,0,0.0005186137229700782,1
1040,26,0,1.0,0
1041,2,0,0.0424361315925951,0
1042,13,1,0.07752147737265778,0
1043,12,0,0.0030214886468691517,1
1044,19,0,0.28931881214909017,0
1045,10,0,0.43908543597375366,0
1046,21,0,0.20413087104557037,0
1047,3,0,0.30742519560756726,1
1048,20,1,0.017046607589799093,0
1049,9,1,0.19524679248686555,0
1050,4,0,0.0005186137229700782,0
1051,12,0,0.0030214886468691517,1
1052,15,1,0.10058851383345735,0
1053,25,0,0.6777604906536788,0
1054,19,0,0.28931881214909017,0
1055,33,0,0.17123272227107714,0
1056,14,1,0.3443820604748698,0
1057,22,1,0.3224424451509617,1
1058,2,0,0.0424361315925951,1
1059,19,0,0.28931881214909017,0
1060,4,0,0.0005186137229700782,1
1061,27,1,0.26194502694536514,0
1062,3,0,0.30742519560756726,1
1063,8,1,0.23425556382331056,1
1064,24,0,0.8381699700105978,0
1065,22,1,0.3224424451509617,0
1066,28,0,0.13876299352860266,1
1067,18,0,0.6438025660105076,0
1068,27,1,0.26194502694536514,0
1069,7,1,0.02856885160882996,0
1070,9,1,0.19524679248686555,0
1071,1,0,0.5737446165640714,0
1072,1,0,0.5737446165640714,0
1073,21,0,0.20413087104557037,0
1074,3,0,0.30742519560756726,0
1075,12,0,0.0030214886468691517,1
1076,20,1,0.017046607589799093,1
1077,13,1,0.07752147737265778,0
1078,12,0,0.0030214886468691517,1
1079,0,0,0.06769036505896413,0
1080,4,0,0.0005186137229700782,1
1081,10,0,0.43908543597375366,0
1082,15,1,0.10058851383345735,0
1083,1,0,0.5737446165640714,0
1084,6,0,0.6750095830796635,0
1085,1,0,0.5737446165640714,0
1086,20,1,0.017046607589799093,0
1087,15,1,0.10058851383345735,0
1088,22,1,0.3224424451509617,0
1089,12,0,0.0030214886468691517,1
1090,26,0,1.0,0
1091,22,1,0.3224424451509617,0
1092,10,0,0.43908543597375366,0
1093,4,0,0.0005186137229700782,1
1094,10,0,0.43908543597375366,0
1095,7,1,0.02856885160882996,0
1096,17,0,0.028005141040384224,0
1097,4,0,0.0005186137229700782,1
1098,11,0,0.03438634467518997,0
1099,23,1,0.035355926852916636,0
1100,20,1,0.017046607589799093,0
1101,31,0,0.9898983066134524,0
1102,1,0,0.5737446165640714,0
1103,23,1,0.035355926852916636,0
1104,15,1,0.10058851383345735,1
1105,10,0,0.43908543597375366,0
1106,19,0,0.28931881214909017,0
1107,0,0,0.06769036505896413,1
1108,12,0,0.0030214886468691517,1
1109,22,1,0.3224424451509617,0
1110,10,0,0.43908543597375366,0
1111,12,0,0.0030214886468691517,0
1112,4,0,0.0005186137229700782,0
1113,14,1,0.3443820604748698,0
1114,15,1,0.10058851383345735,1
1115,15,1,0.10058851383345735,0
1116,20,1,0.017046607589799093,0
1117,4,0,0.0005186137229700782,1
1118,17,0,0.028005141040384224,1
1119,5,1,0.0,1
1120,19,0,0.28931881214909017,0
1121,22,1,0.3224424451509617,0
1122,8,1,0.23425556382331056,0
1123,0,0,0.06769036505896413,0
1124,12,0,0.0030214886468691517,1
1125,21,0,0.20413087104557037,0
1126,18,0,0.6438025660105076,0
1127,0,0,0.06769036505896413,0
1128,4,0,0.0005186137229700782,0
1129,20,1,0.017046607589799093,1
1130,24,0,0.8381699700105978,0
1131,4,0,0.0005186137229700782,0
1132,2,0,0.0424361315925951,0
1133,2,0,0.0424361315925951,1
1134,0,0,0.06769036505896413,1
1135,22,1,0.3224424451509617,0
1136,2,0,0.0424361315925951,1
1137,4,0,0.0005186137229700782,1
1138,7,1,0.02856885160882996,0
1139,16,1,0.46905228979232905,0
1140,3,0,0.30742519560756726,0
1141,29,0,0.615842521815599,0
1142,20,1,0.017046607589799093,1
1143,30,0,0.598525333152946,0
1144,15,1,0.10058851383345735,1
1145,0,0,0.06769036505896413,1
1146,0,0,0.06769036505896413,0
1147,12,0,0.0030214886468691517,0
1148,15,1,0.10058851383345735,1
1149,19,0,0.28931881214909017,0
1150,21,0,0.20413087104557037,0
1151,31,0,0.9898983066134524,0
1152,19,0,0.28931881214909017,1
1153,27,1,0.26194502694536514,0
1154,2,0,0.0424361315925951,0
1155,0,0,0.06769036505896413,0
1156,24,0,0.8381699700105978,0
1157,12,0,0.0030214886468691517,0
1158,14,1,0.3443820604748698,0
1159,22,1,0.3224424451509617,0
1160,27,1,0.26194502694536514,0
1161,12,0,0.0030214886468691517,1
1162,3,0,0.30742519560756726,1
1163,2,0,0.0424361315925951,0
1164,22,1,0.3224424451509617,0
1165,4,0,0.0005186137229700782,0
1166,0,0,0.06769036505896413,1
1167,21,0,0.20413087104557037,0
1168,0,0,0.06769036505896413,1
1169,22,1,0.3224424451509617,0
1170,0,0,0.06769036505896413,0
1171,2,0,0.0424361315925951,0
1172,25,0,0.6777604906536788,0
1173,2,0,0.0424361315925951,0
1174,23,1,0.035355926852916636,0
1175,7,1,0.02856885160882996,0
1176,1,0,0.5737446165640714,0
1177,4,0,0.0005186137229700782,1
1178,3,0,0.30742519560756726,0
1179,4,0,0.0005186137229700782,0
1180,28,0,0.13876299352860266,1
1181,2,0,0.0424361315925951,1
1182,14,1,0.3443820604748698,0
1183,20,1,0.017046607589799093,1
1184,0,0,0.06769036505896413,1
1185,13,1,0.07752147737265778,0
1186,13,1,0.07752147737265778,0
1187,8,1,0.23425556382331056,0
1188,4,0,0.0005186137229700782,0
1189,31,0,0.9898983066134524,0
1190,3,0,0.30742519560756726,0
1191,4,0,0.0005186137229700782,1
1192,3,0,0.30742519560756726,0
1193,8,1,0.23425556382331056,0
1194,30,0,0.598525333152946,0
1195,20,1,0.017046607589799093,0
1196,1,0,0.5737446165640714,0
1197,23,1,0.035355926852916636,1
1198,10,0,0.43908543597375366,0
1199,24,0,0.8381699700105978,0
1200,23,1,0.035355926852916636,1
1201,10,0,0.43908543597375366,0
1202,19,0,0.28931881214909017,0
1203,3,0,0.30742519560756726,0
1204,4,0,0.0005186137229700782,1
1205,0,0,0.06769036505896413,0
1206,0,0,0.06769036505896413,1
1207,9,1,0.19524679248686555,0
1208,14,1,0.3443820604748698,0
1209,10,0,0.43908543597375366,0
1210,22,1,0.3224424451509617,0
1211,0,0,0.06769036505896413,1
1212,13,1,0.07752147737265778,0
1213,5,1,0.0,0
1214,19,0,0.28931881214909017,0
1215,22,1,0.3224424451509617,0
1216,15,1,0.10058851383345735,1
1217,20,1,0.017046607589799093,0
1218,4,0,0.0005186137229700782,1
1219,18,0,0.6438025660105076,0
1220,14,1,0.3443820604748698,0
1221,11,0,0.03438634467518997,0
1222,8,1,0.23425556382331056,0
1223,19,0,0.28931881214909017,1
1224,20,1,0.017046607589799093,0
1225,20,1,0.017046607589799093,1
1226,17,0,0.028005141040384224,1
1227,2,0,0.0424361315925951,0
1228,22,1,0.3224424451509617,0
1229,7,1,0.02856885160882996,0
1230,27,1,0.26194502694536514,0
1231,8,1,0.23425556382331056,0
1232,11,0,0.03438634467518997,0
1233,22,1,0.3224424451509617,0
1234,22,1,0.3224424451509617,0
1235,3,0,0.30742519560756726,0
1236,0,0,0.06769036505896413,0
1237,0,0,0.06769036505896413,0
1238,0,0,0.06769036505896413,0
1239,12,0,0.0030214886468691517,1
1240,11,0,0.03438634467518997,0
1241,14,1,0.3443820604748698,0
1242,29,0,0.615842521815599,0
1243,18,0,0.6438025660105076,0
1244,15,1,0.10058851383345735,1
1245,21,0,0.20413087104557037,0
1246,10,0,0.43908543597375366,0
1247,20,1,0.017046607589799093,1
1248,31,0,0.9898983066134524,0
1249,9,1,0.19524679248686555,0
1250,2,0,0.0424361315925951,0
1251,8,1,0.23425556382331056,0
1252,22,1,0.3224424451509617,0
1253,30,0,0.598525333152946,0
1254,28,0,0.13876299352860266,1
1255,15,1,0.10058851383345735,1
1256,8,1,0.23425556382331056,0
1257,0,0,0.06769036505896413,0
1258,22,1,0.3224424451509617,0
1259,24,0,0.8381699700105978,0
1260,19,0,0.28931881214909017,0
1261,12,0,0.0030214886468691517,1
1262,8,1,0.23425556382331056,1
1263,8,1,0.23425556382331056,0
1264,7,1,0.02856885160882996,1
1265,14,1,0.3443820604748698,0
1266,23,1,0.035355926852916636,1
1267,0,0,0.06769036505896413,1
1268,31,0,0.9898983066134524,0
1269,20,1,0.017046607589799093,1
1270,0,0,0.06769036505896413,0
1271,23,1,0.035355926852916636,0
1272,23,1,0.035355926852916636,0
1273,20,1,0.017046607589799093,1
1274,7,1,0.02856885160882996,0
1275,8,1,0.23425556382331056,0
1276,22,1,0.3224424451509617,0
1277,22,1,0.3224424451509617,0
1278,4,0,0.0005186137229700782,1
1279,3,0,0.30742519560756726,1
1280,17,0,0.028005141040384224,1
1281,8,1,0.23425556382331056,0
1282,19,0,0.28931881214909017,1
1283,25,0,0.6777604906536788,0
1284,12,0,0.0030214886468691517,1
1285,4,0,0.0005186137229700782,0
1286,5,1,0.0,0
1287,2,0,0.0424361315925951,0
1288,12,0,0.0030214886468691517,1
1289,20,1,0.017046607589799093,0
1290,19,0,0.28931881214909017,0
1291,15,1,0.10058851383345735,1
1292,3,0,0.30742519560756726,0
1293,3,0,0.30742519560756726,0
1294,0,0,0.06769036505896413,1
1295,23,1,0.035355926852916636,0
1296,16,1,0.46905228979232905,0
1297,12,0,0.0030214886468691517,0
1298,19,0,0.28931881214909017,0
1299,5,1,0.0,1
1300,11,0,0.03438634467518997,0
1301,19,0,0.28931881214909017,1
1302,12,0,0.0030214886468691517,1
1303,12,0,0.0030214886468691517,1
1304,0,0,0.06769036505896413,0
1305,19,0,0.28931881214909017,1
1306,4,0,0.0005186137229700782,0
1307,5,1,0.0,1
1308,20,1,0.017046607589799093,0
1309,20,1,0.017046607589799093,0
1310,1,0,0.5737446165640714,0
1311,19,0,0.28931881214909017,1
1312,12,0,0.0030214886468691517,1
1313,4,0,0.0005186137229700782,1
1314,16,1,0.46905228979232905,0
1315,15,1,0.10058851383345735,0
1316,0,0,0.06769036505896413,0
1317,10,0,0.43908543597375366,0
1318,8,1,0.23425556382331056,0
1319,6,0,0.6750095830796635,0
1320,8,1,0.23425556382331056,0
1321,25,0,0.6777604906536788,0
1322,4,0,0.0005186137229700782,1
1323,8,1,0.23425556382331056,0
1324,23,1,0.035355926852916636,0
1325,12,0,0.0030214886468691517,1
1326,0,0,0.06769036505896413,1
1327,2,0,0.0424361315925951,1
1328,12,0,0.0030214886468691517,0
1329,12,0,0.0030214886468691517,1
1330,3,0,0.30742519560756726,0
1331,27,1,0.26194502694536514,0
1332,9,1,0.19524679248686555,0
1333,14,1,0.3443820604748698,0
1334,13,1,0.07752147737265778,0
1335,12,0,0.0030214886468691517,1
1336,20,1,0.017046607589799093,0
1337,7,1,0.02856885160882996,1
1338,1,0,0.5737446165640714,0
1339,22,1,0.3224424451509617,0
1340,21,0,0.20413087104557037,0
1341,30,0,0.598525333152946,0
1342,1,0,0.5737446165640714,0
1343,24,0,0.8381699700105978,0
1344,23,1,0.035355926852916636,1
1345,15,1,0.10058851383345735,0
1346,28,0,0.13876299352860266,0
1347,10,0,0.43908543597375366,0
1348,13,1,0.07752147737265778,0
1349,27,1,0.26194502694536514,0
1350,21,0,0.20413087104557037,0
1351,0,0,0.06769036505896413,1
1352,9,1,0.19524679248686555,0
1353,2,0,0.0424361315925951,1
1354,22,1,0.3224424451509617,0
1355,22,1,0.3224424451509617,0
1356,0,0,0.06769036505896413,0
1357,23,1,0.035355926852916636,0
1358,4,0,0.0005186137229700782,1
1359,14,1,0.3443820604748698,0
1360,4,0,0.0005186137229700782,0
1361,4,0,0.0005186137229700782,1
1362,20,1,0.017046607589799093,1
1363,8,1,0.23425556382331056,0
1364,4,0,0.0005186137229700782,1
1365,3,0,0.30742519560756726,0
1366,2,0,0.0424361315925951,1
1367,4,0,0.0005186137229700782,1
1368,8,1,0.23425556382331056,0
1369,4,0,0.0005186137229700782,1
1370,23,1,0.035355926852916636,1
1371,8,1,0.23425556382331056,0
1372,22,1,0.3224424451509617,1
1373,21,0,0.20413087104557037,0
1374,26,0,1.0,0
1375,22,1,0.3224424451509617,0
1376,30,0,0.598525333152946,0
1377,3,0,0.30742519560756726,1
1378,7,1,0.02856885160882996,1
1379,8,1,0.23425556382331056,0
1380,4,0,0.0005186137229700782,0
1381,19,0,0.28931881214909017,0
1382,2,0,0.0424361315925951,0
1383,12,0,0.0030214886468691517,1
1384,19,0,0.28931881214909017,1
1385,3,0,0.30742519560756726,1
1386,8,1,0.23425556382331056,0
1387,20,1,0.017046607589799093,1
1388,2,0,0.0424361315925951,0
1389,17,0,0.028005141040384224,0
1390,19,0,0.28931881214909017,0
1391,1,0,0.5737446165640714,0
1392,0,0,0.06769036505896413,0
1393,29,0,0.615842521815599,0
1394,16,1,0.46905228979232905,0
1395,17,0,0.028005141040384224,1
1396,3,0,0.30742519560756726,1
1397,1,0,0.5737446165640714,0
1398,23,1,0.035355926852916636,1
1399,9,1,0.19524679248686555,0
1400,3,0,0.30742519560756726,1
1401,3,0,0.30742519560756726,0
1402,9,1,0.19524679248686555,0
1403,22,1,0.3224424451509617,0
1404,20,1,0.017046607589799093,1
1405,4,0,0.0005186137229700782,1
1406,4,0,0.0005186137229700782,1
1407,13,1,0.07752147737265778,0
1408,22,1,0.3224424451509617,0
1409,4,0,0.0005186137229700782,1
1410,9,1,0.19524679248686555,0
1411,2,0,0.0424361315925951,0
1412,9,1,0.19524679248686555,0
1413,3,0,0.30742519560756726,1
1414,12,0,0.0030214886468691517,1
1415,22,1,0.3224424451509617,0
1416,19,0,0.28931881214909017,1
1417,1,0,0.5737446165640714,0
1418,18,0,0.6438025660105076,0
1419,20,1,0.017046607589799093,1
1420,10,0,0.43908543597375366,0
1421,8,1,0.23425556382331056,0
1422,9,1,0.19524679248686555,0
1423,17,0,0.028005141040384224,1
1424,9,1,0.19524679248686555,0
1425,25,0,0.6777604906536788,0
1426,17,0,0.028005141040384224,1
1427,3,0,0.30742519560756726,1
1428,5,1,0.0,1
1429,0,0,0.06769036505896413,0
1430,25,0,0.6777604906536788,1
1431,13,1,0.07752147737265778,0
1432,12,0,0.0030214886468691517,1
1433,13,1,0.07752147737265778,0
1434,28,0,0.13876299352860266,1
1435,8,1,0.23425556382331056,1
1436,2,0,0.0424361315925951,0
1437,8,1,0.23425556382331056,0
1438,27,1,0.26194502694536514,0
1439,12,0,0.0030214886468691517,0
1440,4,0,0.0005186137229700782,1
1441,3,0,0.30742519560756726,0
1442,0,0,0.06769036505896413,0
1443,0,0,0.06769036505896413,1
1444,12,0,0.0030214886468691517,1
1445,1,0,0.5737446165640714,0
1446,0,0,0.06769036505896413,0
1447,3,0,0.30742519560756726,1
1448,17,0,0.028005141040384224,1
1449,30,0,0.598525333152946,0
1450,9,1,0.19524679248686555,0
1451,23,1,0.035355926852916636,1
1452,0,0,0.06769036505896413,0
1453,8,1,0.23425556382331056,1
1454,24,0,0.8381699700105978,0
1455,4,0,0.0005186137229700782,0
1456,12,0,0.0030214886468691517,1
1457,0,0,0.06769036505896413,0
1458,12,0,0.0030214886468691517,0
1459,14,1,0.3443820604748698,0
1460,12,0,0.0030214886468691517,1
1461,19,0,0.28931881214909017,0
1462,13,1,0.07752147737265778,0
1463,22,1,0.3224424451509617,0
1464,10,0,0.43908543597375366,0
1465,10,0,0.43908543597375366,0
1466,4,0,0.0005186137229700782,1
1467,0,0,0.06769036505896413,1
1468,9,1,0.19524679248686555,0
1469,15,1,0.10058851383345735,0
1470,27,1,0.26194502694536514,0
1471,25,0,0.6777604906536788,1
1472,0,0,0.06769036505896413,1
1473,9,1,0.19524679248686555,0
1474,8,1,0.23425556382331056,0
1475,19,0,0.28931881214909017,0
1476,12,0,0.0030214886468691517,1
1477,12,0,0.0030214886468691517,1
1478,17,0,0.028005141040384224,1
1479,8,1,0.23425556382331056,0
1480,2,0,0.0424361315925951,0
1481,3,0,0.30742519560756726,0
1482,13,1,0.07752147737265778,0
1483,23,1,0.035355926852916636,1
1484,4,0,0.0005186137229700782,1
1485,29,0,0.615842521815599,0
1486,26,0,1.0,0
1487,2,0,0.0424361315925951,0
1488,23,1,0.035355926852916636,1
1489,9,1,0.19524679248686555,0
1490,12,0,0.0030214886468691517,1
1491,19,0,0.28931881214909017,0
1492,15,1,0.10058851383345735,0
1493,0,0,0.06769036505896413,0
1494,19,0,0.28931881214909017,0
1495,16,1,0.46905228979232905,0
1496,0,0,0.06769036505896413,0
1497,25,0,0.6777604906536788,0
1498,2,0,0.0424361315925951,0
1499,16,1,0.46905228979232905,0
1500,1,0,0.5737446165640714,0
1501,12,0,0.0030214886468691517,1
1502,20,1,0.017046607589799093,0
1503,17,0,0.028005141040384224,1
1504,22,1,0.3224424451509617,0
1505,1,0,0.5737446165640714,0
1506,19,0,0.28931881214909017,0
1507,31,0,0.9898983066134524,0
1508,24,0,0.8381699700105978,0
1509,12,0,0.0030214886468691517,0
1510,0,0,0.06769036505896413,0
1511,0,0,0.06769036505896413,1
1512,5,1,0.0,1
1513,0,0,0.06769036505896413,0
1514,26,0,1.0,0
1515,0,0,0.06769036505896413,1
1516,3,0,0.30742519560756726,0
1517,18,0,0.6438025660105076,0
1518,12,0,0.0030214886468691517,1
1519,22,1,0.3224424451509617,0
1520,8,1,0.23425556382331056,1
1521,1,0,0.5737446165640714,0
1522,3,0,0.30742519560756726,0
1523,3,0,0.30742519560756726,0
1524,9,1,0.19524679248686555,0
1525,21,0,0.20413087104557037,0
1526,4,0,0.0005186137229700782,0
1527,21,0,0.20413087104557037,0
1528,8,1,0.23425556382331056,1
1529,20,1,0.017046607589799093,1
1530,8,1,0.23425556382331056,1
1531,0,0,0.06769036505896413,0
1532,6,0,0.6750095830796635,0
1533,3,0,0.30742519560756726,0
1534,8,1,0.23425556382331056,1
1535,13,1,0.07752147737265778,0
1536,13,1,0.07752147737265778,0
1537,0,0,0.06769036505896413,0
1538,10,0,0.43908543597375366,0
1539,15,1,0.10058851383345735,1
1540,4,0,0.0005186137229700782,1
1541,29,0,0.615842521815599,0
1542,9,1,0.19524679248686555,0
1543,8,1,0.23425556382331056,0
1544,2,0,0.0424361315925951,0
1545,12,0,0.0030214886468691517,1
1546,10,0,0.43908543597375366,0
1547,13,1,0.07752147737265778,0
1548,2,0,0.0424361315925951,1
1549,21,0,0.20413087104557037,0
1550,24,0,0.8381699700105978,0
1551,17,0,0.028005141040384224,1
1552,12,0,0.0030214886468691517,1
1553,8,1,0.23425556382331056,0
1554,26,0,1.0,0
1555,3,0,0.30742519560756726,1
1556,15,1,0.10058851383345735,0
1557,22,1,0.3224424451509617,0
1558,21,0,0.20413087104557037,0
1559,23,1,0.035355926852916636,1
1560,7,1,0.02856885160882996,0
1561,15,1,0.10058851383345735,1
1562,20,1,0.017046607589799093,0
1563,12,0,0.0030214886468691517,1
1564,17,0,0.028005141040384224,0
1565,31,0,0.9898983066134524,0
1566,8,1,0.23425556382331056,1
1567,12,0,0.0030214886468691517,1
1568,22,1,0.3224424451509617,0
1569,3,0,0.30742519560756726,0
1570,8,1,0.23425556382331056,1
1571,13,1,0.07752147737265778,0
1572,1,0,0.5737446165640714,0
1573,22,1,0.3224424451509617,0
1574,25,0,0.6777604906536788,0
1575,4,0,0.0005186137229700782,1
1576,23,1,0.035355926852916636,1
1577,4,0,0.0005186137229700782,1
1578,29,0,0.615842521815599,0
1579,14,1,0.3443820604748698,0
1580,2,0,0.0424361315925951,0
1581,27,1,0.26194502694536514,0
1582,15,1,0.10058851383345735,0
1583,7,1,0.02856885160882996,0
1584,8,1,0.23425556382331056,1
1585,15,1,0.10058851383345735,0
1586,3,0,0.30742519560756726,0
1587,1,0,0.5737446165640714,0
1588,2,0,0.0424361315925951,0
1589,4,0,0.0005186137229700782,0
1590,20,1,0.017046607589799093,0
1591,18,0,0.6438025660105076,0
1592,3,0,0.30742519560756726,0
1593,4,0,0.0005186137229700782,1
1594,7,1,0.02856885160882996,0
1595,22,1,0.3224424451509617,0
1596,3,0,0.30742519560756726,0
1597,12,0,0.0030214886468691517,1
1598,20,1,0.017046607589799093,0
1599,4,0,0.0005186137229700782,1
1600,2,0,0.0424361315925951,0
1601,17,0,0.028005141040384224,1
1602,12,0,0.0030214886468691517,1
1603,7,1,0.02856885160882996,0
1604,2,0,0.0424361315925951,0
1605,29,0,0.615842521815599,0
1606,9,1,0.19524679248686555,0
1607,14,1,0.3443820604748698,0
1608,26,0,1.0,0
1609,12,0,0.0030214886468691517,0
1610,12,0,0.0030214886468691517,1
1611,0,0,0.06769036505896413,1
1612,0,0,0.06769036505896413,0
1613,3,0,0.30742519560756726,0
1614,14,1,0.3443820604748698,0
1615,12,0,0.0030214886468691517,1
1616,12,0,0.0030214886468691517,1
1617,24,0,0.8381699700105978,0
1618,4,0,0.0005186137229700782,1
1619,20,1,0.017046607589799093,1
1620,2,0,0.0424361315925951,1
1621,17,0,0.028005141040384224,0
1622,22,1,0.3224424451509617,0
1623,14,1,0.3443820604748698,0
1624,24,0,0.8381699700105978,0
1625,8,1,0.23425556382331056,0
1626,15,1,0.10058851383345735,0
1627,0,0,0.06769036505896413,0
1628,20,1,0.017046607589799093,1
1629,27,1,0.26194502694536514,0
1630,0,0,0.06769036505896413,1
1631,10,0,0.43908543597375366,0
1632,9,1,0.19524679248686555,0
1633,0,0,0.06769036505896413,0
1634,8,1,0.23425556382331056,0
1635,0,0,0.06769036505896413,0
1636,19,0,0.28931881214909017,0
1637,0,0,0.06769036505896413,0
1638,12,0,0.0030214886468691517,1
1639,12,0,0.0030214886468691517,1
1640,23,1,0.035355926852916636,0
1641,15,1,0.10058851383345735,1
1642,9,1,0.19524679248686555,0
1643,17,0,0.028005141040384224,1
1644,9,1,0.19524679248686555,0
1645,33,0,0.17123272227107714,0
1646,18,0,0.6438025660105076,0
1647,12,0,0.0030214886468691517,1
1648,4,0,0.0005186137229700782,0
1649,0,0,0.06769036505896413,1
1650,0,0,0.06769036505896413,0
1651,2,0,0.0424361315925951,0
1652,12,0,0.0030214886468691517,1
1653,13,1,0.07752147737265778,0
1654,19,0,0.28931881214909017,1
1655,14,1,0.3443820604748698,0
1656,12,0,0.0030214886468691517,1
1657,18,0,0.6438025660105076,0
1658,8,1,0.23425556382331056,0
1659,15,1,0.10058851383345735,0
1660,19,0,0.28931881214909017,1
1661,12,0,0.0030214886468691517,1
1662,15,1,0.10058851383345735,1
1663,10,0,0.43908543597375366,0
1664,24,0,0.8381699700105978,0
1665,3,0,0.30742519560756726,0
1666,22,1,0.3224424451509617,0
1667,8,1,0.23425556382331056,0
1668,13,1,0.07752147737265778,0
1669,2,0,0.0424361315925951,1
1670,1,0,0.5737446165640714,0
1671,8,1,0.23425556382331056,1
1672,22,1,0.3224424451509617,0
1673,4,0,0.0005186137229700782,1
1674,12,0,0.0030214886468691517,1
1675,3,0,0.30742519560756726,0
1676,25,0,0.6777604906536788,0
1677,13,1,0.07752147737265778,0
1678,33,0,0.17123272227107714,0
1679,8,1,0.23425556382331056,0
1680,12,0,0.0030214886468691517,1
1681,19,0,0.28931881214909017,0
1682,17,0,0.028005141040384224,1
1683,12,0,0.0030214886468691517,1
1684,31,0,0.9898983066134524,0
1685,15,1,0.10058851383345735,0
1686,14,1,0.3443820604748698,0
1687,23,1,0.035355926852916636,0
1688,19,0,0.28931881214909017,0
1689,21,0,0.20413087104557037,0
1690,0,0,0.06769036505896413,1
1691,8,1,0.23425556382331056,0
1692,23,1,0.035355926852916636,0
1693,8,1,0.23425556382331056,0
1694,4,0,0.0005186137229700782,1
1695,24,0,0.8381699700105978,0
1696,22,1,0.3224424451509617,0
1697,3,0,0.30742519560756726,0
1698,23,1,0.035355926852916636,1
1699,14,1,0.3443820604748698,0
1700,3,0,0.30742519560756726,1
1701,7,1,0.02856885160882996,0
1702,2,0,0.0424361315925951,1
1703,25,0,0.6777604906536788,0
1704,12,0,0.0030214886468691517,1
1705,23,1,0.035355926852916636,0
1706,23,1,0.035355926852916636,1
1707,10,0,0.43908543597375366,0
1708,16,1,0.46905228979232905,0
1709,21,0,0.20413087104557037,0
1710,28,0,0.13876299352860266,1
1711,22,1,0.3224424451509617,0
1712,15,1,0.10058851383345735,0
1713,0,0,0.06769036505896413,0
1714,24,0,0.8381699700105978,0
1715,12,0,0.0030214886468691517,1
1716,23,1,0.035355926852916636,0
1717,8,1,0.23425556382331056,0
1718,1,0,0.5737446165640714,0
1719,14,1,0.3443820604748698,0
1720,4,0,0.0005186137229700782,1
1721,10,0,0.43908543597375366,0
1722,12,0,0.0030214886468691517,1
1723,10,0,0.43908543597375366,0
1724,0,0,0.06769036505896413,1
1725,4,0,0.0005186137229700782,1
1726,27,1,0.26194502694536514,0
1727,4,0,0.0005186137229700782,1
1728,32,0,0.2322262057769059,0
1729,0,0,0.06769036505896413,1
1730,24,0,0.8381699700105978,0
1731,3,0,0.30742519560756726,1
1732,7,1,0.02856885160882996,0
1733,4,0,0.0005186137229700782,0
1734,4,0,0.0005186137229700782,0
1735,29,0,0.615842521815599,0
1736,10,0,0.43908543597375366,0
1737,8,1,0.23425556382331056,0
1738,8,1,0.23425556382331056,1
1739,2,0,0.0424361315925951,1
1740,12,0,0.0030214886468691517,1
1741,23,1,0.035355926852916636,1
1742,20,1,0.017046607589799093,1
1743,8,1,0.23425556382331056,0
1744,22,1,0.3224424451509617,0
1745,10,0,0.43908543597375366,0
1746,23,1,0.035355926852916636,1
1747,4,0,0.0005186137229700782,0
1748,19,0,0.28931881214909017,1
1749,22,1,0.3224424451509617,0
1750,14,1,0.3443820604748698,0
1751,7,1,0.02856885160882996,0
1752,19,0,0.28931881214909017,1
1753,0,0,0.06769036505896413,1
1754,6,0,0.6750095830796635,0
1755,19,0,0.28931881214909017,0
1756,12,0,0.0030214886468691517,1
1757,24,0,0.8381699700105978,0
1758,23,1,0.035355926852916636,1
1759,20,1,0.017046607589799093,0
1760,19,0,0.28931881214909017,0
1761,8,1,0.23425556382331056,1
1762,12,0,0.0030214886468691517,1
1763,12,0,0.0030214886468691517,1
1764,9,1,0.19524679248686555,0
1765,2,0,0.0424361315925951,1
1766,4,0,0.0005186137229700782,0
1767,9,1,0.19524679248686555,0
1768,10,0,0.43908543597375366,0
1769,3,0,0.30742519560756726,0
1770,10,0,0.43908543597375366,0
1771,16,1,0.46905228979232905,0
1772,0,0,0.06769036505896413,1
1773,31,0,0.9898983066134524,0
1774,12,0,0.0030214886468691517,1
1775,3,0,0.30742519560756726,1
1776,12,0,0.0030214886468691517,1
1777,29,0,0.615842521815599,0
1778,15,1,0.10058851383345735,0
1779,3,0,0.30742519560756726,0
1780,12,0,0.0030214886468691517,1
1781,8,1,0.23425556382331056,0
1782,0,0,0.06769036505896413,0
1783,24,0,0.8381699700105978,0
1784,0,0,0.06769036505896413,0
1785,23,1,0.035355926852916636,1
1786,30,0,0.598525333152946,0
1787,15,1,0.10058851383345735,0
1788,23,1,0.035355926852916636,1
1789,11,0,0.03438634467518997,0
1790,3,0,0.30742519560756726,1
1791,19,0,0.28931881214909017,0
1792,17,0,0.028005141040384224,1
1793,10,0,0.43908543597375366,0
1794,0,0,0.06769036505896413,0
1795,20,1,0.017046607589799093,1
1796,0,0,0.06769036505896413,0
1797,18,0,0.6438025660105076,0
1798,2,0,0.0424361315925951,1
1799,4,0,0.0005186137229700782,0
1800,21,0,0.20413087104557037,0
1801,9,1,0.19524679248686555,0
1802,8,1,0.23425556382331056,1
1803,1,0,0.5737446165640714,0
1804,15,1,0.10058851383345735,0
1805,14,1,0.3443820604748698,0
1806,12,0,0.0030214886468691517,1
1807,5,1,0.0,1
1808,2,0,0.0424361315925951,0
1809,6,0,0.6750095830796635,0
1810,1,0,0.5737446165640714,0
1811,22,1,0.3224424451509617,1
1812,17,0,0.028005141040384224,1
1813,25,0,0.6777604906536788,0
1814,12,0,0.0030214886468691517,0
1815,24,0,0.8381699700105978,0
1816,19,0,0.28931881214909017,1
1817,27,1,0.26194502694536514,0
1818,9,1,0.19524679248686555,0
1819,28,0,0.13876299352860266,0
1820,8,1,0.23425556382331056,0
1821,10,0,0.43908543597375366,0
1822,11,0,0.03438634467518997,0
1823,8,1,0.23425556382331056,1
1824,3,0,0.30742519560756726,0
1825,10,0,0.43908543597375366,0
1826,20,1,0.017046607589799093,0
1827,0,0,0.06769036505896413,1
1828,20,1,0.017046607589799093,1
1829,23,1,0.035355926852916636,1
1830,24,0,0.8381699700105978,0
1831,9,1,0.19524679248686555,0
1832,3,0,0.30742519560756726,0
1833,7,1,0.02856885160882996,0
1834,8,1,0.23425556382331056,1
1835,28,0,0.13876299352860266,1
1836,7,1,0.02856885160882996,1
1837,6,0,0.6750095830796635,0
1838,22,1,0.3224424451509617,0
1839,22,1,0.3224424451509617,0
1840,27,1,0.26194502694536514,0
1841,12,0,0.0030214886468691517,0
1842,20,1,0.017046607589799093,0
1843,26,0,1.0,0
1844,9,1,0.19524679248686555,0
1845,21,0,0.20413087104557037,0
1846,4,0,0.0005186137229700782,1
1847,22,1,0.3224424451509617,0
1848,15,1,0.10058851383345735,0
1849,30,0,0.598525333152946,0
1850,23,1,0.035355926852916636,1
1851,25,0,0.6777604906536788,0
1852,22,1,0.3224424451509617,0
1853,26,0,1.0,0
1854,15,1,0.10058851383345735,0
1855,2,0,0.0424361315925951,0
1856,19,0,0.28931881214909017,1
1857,8,1,0.23425556382331056,1
1858,3,0,0.30742519560756726,0
1859,26,0,1.0,0
1860,16,1,0.46905228979232905,0
1861,0,0,0.06769036505896413,0
1862,10,0,0.43908543597375366,0
1863,27,1,0.26194502694536514,0
1864,12,0,0.0030214886468691517,1
1865,0,0,0.06769036505896413,0
1866,4,0,0.0005186137229700782,1
1867,4,0,0.0005186137229700782,1
1868,22,1,0.3224424451509617,0
1869,16,1,0.46905228979232905,0
1870,8,1,0.23425556382331056,1
1871,27,1,0.26194502694536514,0
1872,2,0,0.0424361315925951,1
1873,12,0,0.0030214886468691517,1
1874,8,1,0.23425556382331056,1
1875,7,1,0.02856885160882996,1
1876,22,1,0.3224424451509617,0
1877,7,1,0.02856885160882996,0
1878,12,0,0.0030214886468691517,1
1879,3,0,0.30742519560756726,0
1880,7,1,0.02856885160882996,0
1881,8,1,0.23425556382331056,1
1882,3,0,0.30742519560756726,0
1883,20,1,0.017046607589799093,0
1884,4,0,0.0005186137229700782,1
1885,11,0,0.03438634467518997,0
1886,10,0,0.43908543597375366,0
1887,9,1,0.19524679248686555,0
1888,18,0,0.6438025660105076,0
1889,12,0,0.0030214886468691517,1
1890,9,1,0.19524679248686555,0
1891,12,0,0.0030214886468691517,1
1892,28,0,0.13876299352860266,0
1893,7,1,0.02856885160882996,0
1894,16,1,0.46905228979232905,0
1895,23,1,0.035355926852916636,0
1896,25,0,0.6777604906536788,0
1897,19,0,0.28931881214909017,1
1898,29,0,0.615842521815599,0
1899,9,1,0.19524679248686555,0
1900,0,0,0.06769036505896413,0
1901,30,0,0.598525333152946,0
1902,23,1,0.035355926852916636,0
1903,3,0,0.30742519560756726,1
1904,0,0,0.06769036505896413,0
1905,10,0,0.43908543597375366,0
1906,23,1,0.035355926852916636,1
1907,9,1,0.19524679248686555,0
1908,33,0,0.17123272227107714,0
1909,19,0,0.28931881214909017,0
1910,3,0,0.30742519560756726,0
1911,4,0,0.0005186137229700782,0
1912,0,0,0.06769036505896413,0
1913,9,1,0.19524679248686555,0
1914,0,0,0.06769036505896413,0
1915,18,0,0.6438025660105076,0
1916,19,0,0.28931881214909017,0
1917,27,1,0.26194502694536514,0
1918,9,1,0.19524679248686555,0
1919,16,1,0.46905228979232905,0
1920,12,0,0.0030214886468691517,1
1921,19,0,0.28931881214909017,0
1922,8,1,0.23425556382331056,0
1923,2,0,0.0424361315925951,1
1924,25,0,0.6777604906536788,1
1925,7,1,0.02856885160882996,0
1926,2,0,0.0424361315925951,1
1927,15,1,0.10058851383345735,1
1928,25,0,0.6777604906536788,0
1929,12,0,0.0030214886468691517,1
1930,10,0,0.43908543597375366,0
1931,4,0,0.0005186137229700782,0
1932,22,1,0.3224424451509617,0
1933,29,0,0.615842521815599,0
1934,27,1,0.26194502694536514,0
1935,14,1,0.3443820604748698,0
1936,4,0,0.0005186137229700782,0
1937,3,0,0.30742519560756726,0
1938,9,1,0.19524679248686555,0
1939,12,0,0.0030214886468691517,1
1940,12,0,0.0030214886468691517,1
1941,7,1,0.02856885160882996,0
1942,10,0,0.43908543597375366,0
1943,12,0,0.0030214886468691517,1
1944,8,1,0.23425556382331056,1
1945,30,0,0.598525333152946,0
1946,9,1,0.19524679248686555,0
1947,0,0,0.06769036505896413,0
1948,19,0,0.28931881214909017,0
1949,15,1,0.10058851383345735,1
1950,11,0,0.03438634467518997,0
1951,4,0,0.0005186137229700782,0
1952,1,0,0.5737446165640714,0
1953,8,1,0.23425556382331056,0
1954,20,1,0.017046607589799093,1
1955,19,0,0.28931881214909017,0
1956,6,0,0.6750095830796635,0
1957,12,0,0.0030214886468691517,1
1958,27,1,0.26194502694536514,0
1959,9,1,0.19524679248686555,0
1960,3,0,0.30742519560756726,0
1961,14,1,0.3443820604748698,0
1962,29,0,0.615842521815599,0
1963,5,1,0.0,1
1964,27,1,0.26194502694536514,0
1965,3,0,0.30742519560756726,0
1966,22,1,0.3224424451509617,0
1967,2,0,0.0424361315925951,1
1968,5,1,0.0,1
1969,4,0,0.0005186137229700782,1
1970,23,1,0.035355926852916636,1
1971,12,0,0.0030214886468691517,0
1972,23,1,0.035355926852916636,1
1973,3,0,0.30742519560756726,0
1974,25,0,0.6777604906536788,0
1975,4,0,0.0005186137229700782,0
1976,24,0,0.8381699700105978,0
1977,17,0,0.028005141040384224,0
1978,15,1,0.10058851383345735,0
1979,4,0,0.0005186137229700782,1
1980,24,0,0.8381699700105978,0
1981,33,0,0.17123272227107714,0
1982,8,1,0.23425556382331056,1
1983,9,1,0.19524679248686555,0
1984,8,1,0.23425556382331056,1
1985,8,1,0.23425556382331056,0
1986,23,1,0.035355926852916636,0
1987,26,0,1.0,0
1988,10,0,0.43908543597375366,0
1989,4,0,0.0005186137229700782,0
1990,23,1,0.035355926852916636,1
1991,30,0,0.598525333152946,0
1992,9,1,0.19524679248686555,0
1993,27,1,0.26194502694536514,0
1994,17,0,0.028005141040384224,1
1995,4,0,0.0005186137229700782,1
1996,4,0,0.0005186137229700782,1
1997,21,0,0.20413087104557037,0
1998,8,1,0.23425556382331056,0
1999,0,0,0.06769036505896413,0
2000,20,1,0.017046607589799093,0
2001,15,1,0.10058851383345735,0
2002,31,0,0.9898983066134524,0
2003,25,0,0.6777604906536788,1
2004,10,0,0.43908543597375366,0
2005,2,0,0.0424361315925951,0
2006,20,1,0.017046607589799093,0
2007,7,1,0.02856885160882996,0
2008,13,1,0.07752147737265778,0
2009,10,0,0.43908543597375366,0
2010,4,0,0.0005186137229700782,0
2011,0,0,0.06769036505896413,1
2012,0,0,0.06769036505896413,0
2013,11,0,0.03438634467518997,0
2014,8,1,0.23425556382331056,0
2015,9,1,0.19524679248686555,0
2016,3,0,0.30742519560756726,0
2017,17,0,0.028005141040384224,1
2018,25,0,0.6777604906536788,0
2019,4,0,0.0005186137229700782,0
2020,28,0,0.13876299352860266,1
2021,4,0,0.0005186137229700782,0
2022,0,0,0.06769036505896413,1
2023,8,1,0.23425556382331056,0
2024,9,1,0.19524679248686555,0
2025,23,1,0.035355926852916636,1
2026,15,1,0.10058851383345735,0
2027,12,0,0.0030214886468691517,1
2028,12,0,0.0030214886468691517,1
2029,2,0,0.0424361315925951,0
2030,8,1,0.23425556382331056,0
2031,8,1,0.23425556382331056,1
2032,22,1,0.3224424451509617,0
2033,5,1,0.0,0
2034,17,0,0.028005141040384224,1
2035,12,0,0.0030214886468691517,1
2036,21,0,0.20413087104557037,0
2037,9,1,0.19524679248686555,0
2038,10,0,0.43908543597375366,0
2039,2,0,0.0424361315925951,1
2040,7,1,0.02856885160882996,0
2041,2,0,0.0424361315925951,1
2042,23,1,0.035355926852916636,1
2043,17,0,0.028005141040384224,1
2044,3,0,0.30742519560756726,1
2045,23,1,0.035355926852916636,0
2046,22,1,0.3224424451509617,0
2047,7,1,0.02856885160882996,0
2048,12,0,0.0030214886468691517,1
2049,8,1,0.23425556382331056,0
2050,10,0,0.43908543597375366,0
2051,2,0,0.0424361315925951,0
2052,8,1,0.23425556382331056,1
2053,2,0,0.0424361315925951,1
2054,2,0,0.0424361315925951,0
2055,28,0,0.13876299352860266,1
2056,30,0,0.598525333152946,0
2057,21,0,0.20413087104557037,0
2058,17,0,0.028005141040384224,1
2059,19,0,0.28931881214909017,0
2060,3,0,0.30742519560756726,0
2061,12,0,0.0030214886468691517,1
2062,23,1,0.035355926852916636,1
2063,4,0,0.0005186137229700782,0
2064,10,0,0.43908543597375366,0
2065,20,1,0.017046607589799093,1
2066,22,1,0.3224424451509617,0
2067,12,0,0.0030214886468691517,1
2068,0,0,0.06769036505896413,0
2069,28,0,0.13876299352860266,1
2070,15,1,0.10058851383345735,0
2071,19,0,0.28931881214909017,0
2072,15,1,0.10058851383345735,0
2073,8,1,0.23425556382331056,0
2074,8,1,0.23425556382331056,1
2075,23,1,0.035355926852916636,1
2076,12,0,0.0030214886468691517,0
2077,27,1,0.26194502694536514,0
2078,10,0,0.43908543597375366,0
2079,25,0,0.6777604906536788,0
2080,13,1,0.07752147737265778,0
2081,20,1,0.017046607589799093,1
2082,17,0,0.028005141040384224,1
2083,12,0,0.0030214886468691517,1
2084,12,0,0.0030214886468691517,1
2085,13,1,0.07752147737265778,0
2086,14,1,0.3443820604748698,0
2087,15,1,0.10058851383345735,0
2088,6,0,0.6750095830796635,0
2089,24,0,0.8381699700105978,0
2090,2,0,0.0424361315925951,1
2091,0,0,0.06769036505896413,1
2092,15,1,0.10058851383345735,1
2093,1,0,0.5737446165640714,0
2094,3,0,0.30742519560756726,0
2095,20,1,0.017046607589799093,1
2096,16,1,0.46905228979232905,0
2097,20,1,0.017046607589799093,1
2098,5,1,0.0,1
2099,12,0,0.0030214886468691517,1
2100,15,1,0.10058851383345735,0
2101,24,0,0.8381699700105978,0
2102,9,1,0.19524679248686555,0
2103,32,0,0.2322262057769059,0
2104,12,0,0.0030214886468691517,0
2105,4,0,0.0005186137229700782,1
2106,26,0,1.0,0
2107,0,0,0.06769036505896413,0
2108,12,0,0.0030214886468691517,1
2109,22,1,0.3224424451509617,0
2110,3,0,0.30742519560756726,1
2111,22,1,0.3224424451509617,0
2112,12,0,0.0030214886468691517,0
2113,0,0,0.06769036505896413,0
2114,0,0,0.06769036505896413,1
2115,2,0,0.0424361315925951,0
2116,0,0,0.06769036505896413,0
2117,15,1,0.10058851383345735,0
2118,12,0,0.0030214886468691517,1
2119,24,0,0.8381699700105978,0
2120,13,1,0.07752147737265778,0
2121,12,0,0.0030214886468691517,1
2122,10,0,0.43908543597375366,0
2123,17,0,0.028005141040384224,1
2124,7,1,0.02856885160882996,0
2125,9,1,0.19524679248686555,0
2126,15,1,0.10058851383345735,0
2127,4,0,0.0005186137229700782,0
2128,10,0,0.43908543597375366,0
2129,14,1,0.3443820604748698,0
2130,10,0,0.43908543597375366,0
2131,4,0,0.0005186137229700782,1
2132,3,0,0.30742519560756726,0
2133,27,1,0.26194502694536514,0
2134,4,0,0.0005186137229700782,1
2135,24,0,0.8381699700105978,0
2136,2,0,0.0424361315925951,1
2137,24,0,0.8381699700105978,0
2138,13,1,0.07752147737265778,0
2139,12,0,0.0030214886468691517,0
2140,9,1,0.19524679248686555,0
2141,8,1,0.23425556382331056,0
2142,4,0,0.0005186137229700782,0
2143,24,0,0.8381699700105978,0
2144,23,1,0.035355926852916636,1
2145,4,0,0.0005186137229700782,1
2146,22,1,0.3224424451509617,0
2147,10,0,0.43908543597375366,0
2148,3,0,0.30742519560756726,0
2149,8,1,0.23425556382331056,0
2150,22,1,0.3224424451509617,0
2151,12,0,0.0030214886468691517,1
2152,0,0,0.06769036505896413,1
2153,19,0,0.28931881214909017,1
2154,9,1,0.19524679248686555,0
2155,4,0,0.0005186137229700782,1
2156,16,1,0.46905228979232905,0
2157,8,1,0.23425556382331056,0
2158,10,0,0.43908543597375366,0
2159,17,0,0.028005141040384224,1
2160,19,0,0.28931881214909017,1
2161,9,1,0.19524679248686555,0
2162,4,0,0.0005186137229700782,1
2163,22,1,0.3224424451509617,0
2164,28,0,0.13876299352860266,1
2165,15,1,0.10058851383345735,0
2166,12,0,0.0030214886468691517,1
2167,13,1,0.07752147737265778,0
2168,24,0,0.8381699700105978,0
2169,13,1,0.07752147737265778,0
2170,15,1,0.10058851383345735,0
2171,3,0,0.30742519560756726,0
2172,14,1,0.3443820604748698,0
2173,0,0,0.06769036505896413,1
2174,2,0,0.0424361315925951,0
2175,28,0,0.13876299352860266,0
2176,3,0,0.30742519560756726,1
2177,33,0,0.17123272227107714,0
2178,13,1,0.07752147737265778,0
2179,33,0,0.17123272227107714,0
2180,22,1,0.3224424451509617,0
2181,10,0,0.43908543597375366,0
2182,28,0,0.13876299352860266,0
2183,0,0,0.06769036505896413,1
2184,23,1,0.035355926852916636,1
2185,2,0,0.0424361315925951,0
2186,3,0,0.30742519560756726,1
2187,7,1,0.02856885160882996,0
2188,2,0,0.0424361315925951,1
2189,12,0,0.0030214886468691517,0
2190,2,0,0.0424361315925951,0
2191,3,0,0.30742519560756726,0
2192,7,1,0.02856885160882996,0
2193,27,1,0.26194502694536514,0
2194,4,0,0.0005186137229700782,1
2195,0,0,0.06769036505896413,0
2196,26,0,1.0,0
2197,4,0,0.0005186137229700782,1
2198,12,0,0.0030214886468691517,1
2199,3,0,0.30742519560756726,0
2200,12,0,0.0030214886468691517,1
2201,8,1,0.23425556382331056,0
2202,0,0,0.06769036505896413,0
2203,15,1,0.10058851383345735,1
2204,4,0,0.0005186137229700782,0
2205,16,1,0.46905228979232905,0
2206,22,1,0.3224424451509617,0
2207,16,1,0.46905228979232905,0
2208,25,0,0.6777604906536788,0
2209,0,0,0.06769036505896413,0
2210,24,0,0.8381699700105978,0
2211,14,1,0.3443820604748698,0
2212,19,0,0.28931881214909017,1
2213,10,0,0.43908543597375366,0
2214,29,0,0.615842521815599,0
2215,15,1,0.10058851383345735,1
2216,3,0,0.30742519560756726,1
2217,10,0,0.43908543597375366,0
2218,10,0,0.43908543597375366,0
2219,10,0,0.43908543597375366,0
2220,12,0,0.0030214886468691517,1
2221,4,0,0.0005186137229700782,0
2222,12,0,0.0030214886468691517,1
2223,4,0,0.0005186137229700782,1
2224,7,1,0.02856885160882996,0
2225,9,1,0.19524679248686555,0
2226,20,1,0.017046607589799093,0
2227,32,0,0.2322262057769059,0
2228,9,1,0.19524679248686555,0
2229,12,0,0.0030214886468691517,1
2230,23,1,0.035355926852916636,1
2231,4,0,0.0005186137229700782,0
2232,15,1,0.10058851383345735,1
2233,12,0,0.0030214886468691517,1
2234,2,0,0.0424361315925951,1
2235,9,1,0.19524679248686555,0
2236,15,1,0.10058851383345735,0
2237,27,1,0.26194502694536514,0
2238,9,1,0.19524679248686555,0
2239,12,0,0.0030214886468691517,0
2240,26,0,1.0,0
2241,18,0,0.6438025660105076,0
2242,2,0,0.0424361315925951,1
2243,19,0,0.28931881214909017,1
2244,19,0,0.28931881214909017,1
2245,17,0,0.028005141040384224,1
2246,22,1,0.3224424451509617,0
2247,10,0,0.43908543597375366,0
2248,32,0,0.2322262057769059,0
2249,5,1,0.0,1
2250,20,1,0.017046607589799093,0
2251,9,1,0.19524679248686555,0
2252,20,1,0.017046607589799093,0
2253,3,0,0.30742519560756726,1
2254,7,1,0.02856885160882996,1
2255,4,0,0.0005186137229700782,0
2256,28,0,0.13876299352860266,1
2257,2,0,0.0424361315925951,0
2258,2,0,0.0424361315925951,0
2259,2,0,0.0424361315925951,1
2260,2,0,0.0424361315925951,0
2261,4,0,0.0005186137229700782,1
2262,18,0,0.6438025660105076,0
2263,14,1,0.3443820604748698,0
2264,12,0,0.0030214886468691517,1
2265,4,0,0.0005186137229700782,0
2266,8,1,0.23425556382331056,0
2267,8,1,0.23425556382331056,0
2268,4,0,0.0005186137229700782,1
2269,8,1,0.23425556382331056,1
2270,23,1,0.035355926852916636,1
2271,27,1,0.26194502694536514,0
2272,25,0,0.6777604906536788,0
2273,19,0,0.28931881214909017,0
2274,4,0,0.0005186137229700782,1
2275,4,0,0.0005186137229700782,1
2276,21,0,0.20413087104557037,0
2277,18,0,0.6438025660105076,0
2278,25,0,0.6777604906536788,0
2279,8,1,0.23425556382331056,1
2280,23,1,0.035355926852916636,0
2281,5,1,0.0,1
2282,8,1,0.23425556382331056,1
2283,0,0,0.06769036505896413,1
2284,10,0,0.43908543597375366,0
2285,19,0,0.28931881214909017,1
2286,29,0,0.615842521815599,0
2287,4,0,0.0005186137229700782,1
2288,0,0,0.06769036505896413,0
2289,2,0,0.0424361315925951,0
2290,15,1,0.10058851383345735,1
2291,6,0,0.6750095830796635,0
2292,22,1,0.3224424451509617,0
2293,3,0,0.30742519560756726,0
2294,3,0,0.30742519560756726,0
2295,0,0,0.06769036505896413,1
2296,19,0,0.28931881214909017,0
2297,12,0,0.0030214886468691517,1
2298,20,1,0.017046607589799093,0
2299,16,1,0.46905228979232905,0
2300,8,1,0.23425556382331056,0
2301,19,0,0.28931881214909017,1
2302,25,0,0.6777604906536788,0
2303,28,0,0.13876299352860266,1
2304,24,0,0.8381699700105978,0
2305,16,1,0.46905228979232905,0
2306,22,1,0.3224424451509617,0
2307,13,1,0.07752147737265778,0
2308,0,0,0.06769036505896413,0
2309,13,1,0.07752147737265778,0
2310,20,1,0.017046607589799093,1
2311,23,1,0.035355926852916636,0
2312,25,0,0.6777604906536788,1
2313,7,1,0.02856885160882996,0
2314,0,0,0.06769036505896413,1
2315,24,0,0.8381699700105978,0
2316,22,1,0.3224424451509617,0
2317,7,1,0.02856885160882996,0
2318,19,0,0.28931881214909017,1
2319,23,1,0.035355926852916636,0
2320,8,1,0.23425556382331056,0
2321,13,1,0.07752147737265778,0
2322,0,0,0.06769036505896413,0
2323,14,1,0.3443820604748698,0
2324,8,1,0.23425556382331056,1
2325,13,1,0.07752147737265778,0
2326,12,0,0.0030214886468691517,0
2327,4,0,0.0005186137229700782,1
2328,12,0,0.0030214886468691517,1
2329,12,0,0.0030214886468691517,1
2330,4,0,0.0005186137229700782,1
2331,5,1,0.0,0
2332,2,0,0.0424361315925951,1
2333,12,0,0.0030214886468691517,1
2334,4,0,0.0005186137229700782,0
2335,12,0,0.0030214886468691517,0
2336,4,0,0.0005186137229700782,1
2337,9,1,0.19524679248686555,0
2338,5,1,0.0,0
2339,20,1,0.017046607589799093,1
2340,4,0,0.0005186137229700782,0
2341,8,1,0.23425556382331056,0
2342,20,1,0.017046607589799093,0
2343,23,1,0.035355926852916636,0
2344,3,0,0.30742519560756726,0
2345,12,0,0.0030214886468691517,0
2346,5,1,0.0,1
2347,5,1,0.0,1
2348,12,0,0.0030214886468691517,1
2349,3,0,0.30742519560756726,1
2350,9,1,0.19524679248686555,0
2351,12,0,0.0030214886468691517,1
2352,0,0,0.06769036505896413,1
2353,17,0,0.028005141040384224,1
2354,15,1,0.10058851383345735,0
2355,23,1,0.035355926852916636,1
2356,4,0,0.0005186137229700782,1
2357,2,0,0.0424361315925951,0
2358,4,0,0.0005186137229700782,1
2359,19,0,0.28931881214909017,1
2360,12,0,0.0030214886468691517,0
2361,12,0,0.0030214886468691517,1
2362,4,0,0.0005186137229700782,1
2363,4,0,0.0005186137229700782,1
2364,2,0,0.0424361315925951,1
2365,2,0,0.0424361315925951,1
2366,15,1,0.10058851383345735,1
2367,2,0,0.0424361315925951,0
2368,23,1,0.035355926852916636,1
2369,4,0,0.0005186137229700782,1
2370,19,0,0.28931881214909017,1
2371,4,0,0.0005186137229700782,1
2372,20,1,0.017046607589799093,0
2373,12,0,0.0030214886468691517,1
2374,9,1,0.19524679248686555,0
2375,10,0,0.43908543597375366,0
2376,7,1,0.02856885160882996,1
2377,5,1,0.0,1
2378,20,1,0.017046607589799093,0
2379,12,0,0.0030214886468691517,1
2380,28,0,0.13876299352860266,0
2381,20,1,0.017046607589799093,1
2382,12,0,0.0030214886468691517,1
2383,15,1,0.10058851383345735,0
2384,12,0,0.0030214886468691517,1
2385,0,0,0.06769036505896413,0
2386,8,1,0.23425556382331056,1
2387,4,0,0.0005186137229700782,1
2388,2,0,0.0424361315925951,0
2389,0,0,0.06769036505896413,0
2390,13,1,0.07752147737265778,0
2391,12,0,0.0030214886468691517,1
2392,0,0,0.06769036505896413,1
2393,3,0,0.30742519560756726,1
2394,12,0,0.0030214886468691517,1
2395,12,0,0.0030214886468691517,0
2396,5,1,0.0,1
2397,25,0,0.6777604906536788,1
2398,13,1,0.07752147737265778,0
2399,28,0,0.13876299352860266,1
2400,12,0,0.0030214886468691517,1
2401,12,0,0.0030214886468691517,1
2402,12,0,0.0030214886468691517,1
2403,12,0,0.0030214886468691517,1
2404,12,0,0.0030214886468691517,1
2405,12,0,0.0030214886468691517,1
2406,12,0,0.0030214886468691517,1
2407,12,0,0.0030214886468691517,1
2408,12,0,0.0030214886468691517,1
2409,12,0,0.0030214886468691517,1
2410,12,0,0.0030214886468691517,1
2411,12,0,0.0030214886468691517,1
2412,12,0,0.0030214886468691517,1
2413,12,0,0.0030214886468691517,1
2414,12,0,0.0030214886468691517,0
2415,12,0,0.0030214886468691517,1
2416,12,0,0.0030214886468691517,1
2417,5,1,0.0,1
2418,4,0,0.0005186137229700782,1
2419,15,1,0.10058851383345735,1
2420,12,0,0.0030214886468691517,1
2421,8,1,0.23425556382331056,0
2422,3,0,0.30742519560756726,1
2423,3,0,0.30742519560756726,0
2424,5,1,0.0,1
2425,23,1,0.035355926852916636,0
2426,2,0,0.0424361315925951,1
2427,9,1,0.19524679248686555,0
2428,2,0,0.0424361315925951,0
2429,2,0,0.0424361315925951,1
2430,12,0,0.0030214886468691517,0
2431,2,0,0.0424361315925951,1
2432,12,0,0.0030214886468691517,1
2433,8,1,0.23425556382331056,1
2434,12,0,0.0030214886468691517,1
2435,13,1,0.07752147737265778,0
2436,8,1,0.23425556382331056,1
2437,21,0,0.20413087104557037,0
2438,19,0,0.28931881214909017,1
2439,4,0,0.0005186137229700782,1
2440,4,0,0.0005186137229700782,0
2441,4,0,0.0005186137229700782,1
2442,3,0,0.30742519560756726,1
2443,2,0,0.0424361315925951,0
2444,9,1,0.19524679248686555,0
2445,7,1,0.02856885160882996,1
2446,23,1,0.035355926852916636,1
2447,23,1,0.035355926852916636,1
2448,8,1,0.23425556382331056,1
2449,12,0,0.0030214886468691517,1
2450,0,0,0.06769036505896413,1
